date,cost_burden_score,employment_score,wage_score,debt_score,survival_score,category,year
2015-01-01,,18.935483870967758,47.376792398002586,100.0,48.7,Living 🟡,2015
2015-02-01,,16.999999999999993,51.76205969816904,99.54346864644853,33.6,Living 🟡,2015
2015-03-01,,24.935483870967772,56.14732699833549,99.08693729289708,37.0,Living 🟡,2015
2015-04-01,,19.967741935483957,60.53259429850194,98.63040593934561,53.5,Living 🟡,2015
2015-05-01,,15.96774193548395,64.9178615986684,96.45319781576774,33.2,Living 🟡,2015
2015-06-01,,30.80645161290329,69.30312889883484,94.27598969218987,39.4,Living 🟡,2015
2015-07-01,,26.870967741935534,73.68839619900129,92.098781568612,54.7,Living 🟡,2015
2015-08-01,,35.77419354838711,78.07366349916775,91.53921684332497,41.5,Living 🟡,2015
2015-09-01,,30.80645161290329,82.4589307993342,90.97965211803792,39.4,Living 🟡,2015
2015-10-01,,29.774193548387114,86.84419809950066,90.42008739275089,55.5,Living 🟡,2015
2015-11-01,,30.80645161290329,91.2294653996671,87.92041565802984,39.4,Living 🟡,2015
2015-12-01,,33.70967741935487,95.61473269983355,85.42074392330879,40.6,Living 🟡,2015
2016-01-01,,35.70967741935487,100.0,82.92107218858774,68.9,Thriving 🟢,2016
2016-02-01,,40.67741935483868,91.66666666666667,82.45052684507368,43.5,Living 🟡,2016
2016-03-01,,40.612903225806456,83.33333333333333,81.97998150155962,43.5,Living 🟡,2016
2016-04-01,,30.741935483870925,75.0,81.50943615804556,53.7,Living 🟡,2016
2016-05-01,,44.61290322580645,66.66666666666666,79.31231209769194,45.2,Living 🟡,2016
2016-06-01,,38.67741935483869,58.33333333333333,77.11518803733833,42.7,Living 🟡,2016
2016-07-01,,48.61290322580645,50.0,74.91806397698471,59.5,Living 🟡,2016
2016-08-01,,30.80645161290329,41.666666666666664,74.4721549401825,39.4,Living 🟡,2016
2016-09-01,,29.70967741935486,33.33333333333333,74.02624590338029,38.9,Living 🟡,2016
2016-10-01,,35.70967741935487,25.0,73.58033686657808,53.8,Living 🟡,2016
2016-11-01,,44.61290322580645,16.666666666666657,71.26953798556238,45.2,Living 🟡,2016
2016-12-01,,32.74193548387092,8.333333333333329,68.95873910454668,40.2,Living 🟡,2016
2017-01-01,,34.67741935483868,0.0,66.64794022353098,31.1,Barely Surviving 🔴,2017
2017-02-01,,33.64516129032264,6.311537910931178,66.23089174622896,40.6,Living 🟡,2017
2017-03-01,,38.61290322580645,12.623075821862356,65.81384326892696,42.7,Living 🟡,2017
2017-04-01,,46.54838709677421,18.934613732793533,65.39679479162494,56.3,Living 🟡,2017
2017-05-01,,52.48387096774198,25.246151643724712,63.26260174005303,48.4,Living 🟡,2017
2017-06-01,,58.4193548387096,31.55768955465589,61.12840868848112,50.9,Living 🟡,2017
2017-07-01,,51.51612903225802,37.869227465587066,58.99421563690921,56.7,Living 🟡,2017
2017-08-01,,51.580645161290256,44.180765376518245,58.34333105046874,48.1,Living 🟡,2017
2017-09-01,,60.4193548387096,50.492303287449424,57.692446464028265,51.7,Living 🟡,2017
2017-10-01,,59.45161290322579,56.8038411983806,57.041561877587796,59.6,Living 🟡,2017
2017-11-01,,60.4193548387096,63.11537910931178,54.76890464122407,51.7,Living 🟡,2017
2017-12-01,,62.35483870967737,69.42691702024295,52.49624740486034,52.5,Living 🟡,2017
2018-01-01,,62.35483870967737,75.73845493117413,50.223590168496614,63.8,Living 🟡,2018
2018-02-01,,61.32258064516131,75.73845493117413,49.7345446693225,52.1,Living 🟡,2018
2018-03-01,,60.35483870967737,75.73845493117413,49.2454991701484,51.7,Living 🟡,2018
2018-04-01,,67.25806451612894,75.73845493117413,48.75645367097429,60.7,Living 🟡,2018
2018-05-01,,66.35483870967737,75.73845493117413,46.782205621122074,54.2,Living 🟡,2018
2018-06-01,,66.29032258064512,75.73845493117413,44.80795757126985,54.2,Living 🟡,2018
2018-07-01,,69.25806451612894,75.73845493117413,42.83370952141764,60.1,Living 🟡,2018
2018-08-01,,69.32258064516132,75.73845493117413,42.42323987416491,55.4,Living 🟡,2018
2018-09-01,,62.48387096774198,75.73845493117413,42.01277022691218,52.6,Living 🟡,2018
2018-10-01,,67.25806451612894,75.73845493117413,41.602300579659456,58.9,Living 🟡,2018
2018-11-01,,67.32258064516131,75.73845493117413,39.57358651985847,54.6,Living 🟡,2018
2018-12-01,,68.29032258064512,75.73845493117413,37.5448724600575,55.0,Living 🟡,2018
2019-01-01,,70.2258064516129,75.73845493117413,35.516158400256515,58.7,Living 🟡,2019
2019-02-01,,80.09677419354828,75.73845493117413,35.14414970709658,59.9,Living 🟡,2019
2019-03-01,,67.32258064516131,75.73845493117413,34.772141013936654,54.6,Living 🟡,2019
2019-04-01,,73.25806451612894,75.73845493117413,34.40013232077672,59.6,Living 🟡,2019
2019-05-01,,76.2258064516129,75.73845493117413,32.29961256087604,58.3,Living 🟡,2019
2019-06-01,,74.22580645161288,75.73845493117413,30.199092800975365,57.5,Living 🟡,2019
2019-07-01,,75.1935483870967,75.73845493117413,28.098573041074687,58.9,Living 🟡,2019
2019-08-01,,75.1935483870967,75.73845493117413,27.917230348438583,57.9,Living 🟡,2019
2019-09-01,,85.0,75.73845493117413,27.735887655802482,62.0,Living 🟡,2019
2019-10-01,,80.03225806451604,75.73845493117413,27.55454496316638,60.8,Living 🟡,2019
2019-11-01,,74.16129032258067,75.73845493117413,25.30565187012448,57.5,Living 🟡,2019
2019-12-01,,74.09677419354828,75.73845493117413,23.056758777082578,57.4,Living 🟡,2019
2020-01-01,,74.09677419354828,75.73845493117413,20.807865684040678,47.4,Living 🟡,2020
2020-02-01,,74.09677419354828,75.73845493117413,20.772611678691337,48.2,Living 🟡,2020
2020-03-01,,74.09677419354828,75.73845493117413,20.737357673342,48.2,Living 🟡,2020
2020-04-01,,74.09677419354828,75.73845493117413,20.70210366799266,47.4,Living 🟡,2020
2020-05-01,,74.09677419354828,75.73845493117413,19.120632619558638,48.2,Living 🟡,2020
2020-06-01,,74.09677419354828,75.73845493117413,17.53916157112462,48.2,Living 🟡,2020
2020-07-01,,74.09677419354828,75.73845493117413,15.957690522690598,46.2,Living 🟡,2020
2020-08-01,,74.09677419354828,75.73845493117413,16.13016907969271,48.2,Living 🟡,2020
2020-09-01,,74.09677419354828,75.73845493117413,16.302647636694825,48.2,Living 🟡,2020
2020-10-01,,74.09677419354828,75.73845493117413,16.475126193696937,46.3,Living 🟡,2020
2020-11-01,,74.09677419354828,75.73845493117413,14.835939304104514,48.2,Living 🟡,2020
2020-12-01,,74.09677419354828,75.73845493117413,13.19675241451209,48.2,Living 🟡,2020
2021-01-01,,74.09677419354828,75.73845493117413,11.557565524919667,45.1,Living 🟡,2021
2021-02-01,,74.09677419354828,75.73845493117413,11.533753221289615,48.2,Living 🟡,2021
2021-03-01,,74.09677419354828,75.73845493117413,11.509940917659563,48.2,Living 🟡,2021
2021-04-01,,74.09677419354828,75.73845493117413,11.48612861402951,45.1,Living 🟡,2021
2021-05-01,,74.09677419354828,75.73845493117413,10.14184048629032,48.2,Living 🟡,2021
2021-06-01,,74.09677419354828,75.73845493117413,8.79755235855113,48.2,Living 🟡,2021
2021-07-01,,74.09677419354828,75.73845493117413,7.453264230811939,44.1,Living 🟡,2021
2021-08-01,,74.09677419354828,75.73845493117413,7.850992507753617,48.2,Living 🟡,2021
2021-09-01,,74.09677419354828,75.73845493117413,8.248720784695294,48.2,Living 🟡,2021
2021-10-01,,74.09677419354828,75.73845493117413,8.646449061636972,44.4,Living 🟡,2021
2021-11-01,,74.09677419354828,75.73845493117413,7.7201660200617495,48.2,Living 🟡,2021
2021-12-01,,74.09677419354828,75.73845493117413,6.7938829784865264,48.2,Living 🟡,2021
2022-01-01,,74.09677419354828,75.73845493117413,5.867599936911304,43.7,Living 🟡,2022
2022-02-01,,74.09677419354828,75.73845493117413,6.095108573225592,48.2,Living 🟡,2022
2022-03-01,,74.09677419354828,75.73845493117413,6.322617209539881,48.2,Living 🟡,2022
2022-04-01,,74.09677419354828,75.73845493117413,6.5501258458541685,43.8,Living 🟡,2022
2022-05-01,,74.09677419354828,75.73845493117413,5.380094248139836,48.2,Living 🟡,2022
2022-06-01,,74.09677419354828,75.73845493117413,4.210062650425504,48.2,Living 🟡,2022
2022-07-01,,74.09677419354828,75.73845493117413,3.0400310527111714,43.0,Living 🟡,2022
2022-08-01,,74.09677419354828,75.73845493117413,2.8866167207325524,48.2,Living 🟡,2022
2022-09-01,,74.09677419354828,75.73845493117413,2.733202388753933,48.2,Living 🟡,2022
2022-10-01,,74.09677419354828,75.73845493117413,2.579788056775314,42.8,Living 🟡,2022
2022-11-01,,74.09677419354828,75.73845493117413,1.864476193346969,48.2,Living 🟡,2022
2022-12-01,,74.09677419354828,75.73845493117413,1.149164329918624,48.2,Living 🟡,2022
2023-01-01,,74.09677419354828,75.73845493117413,0.4338524664902792,42.3,Living 🟡,2023
2023-02-01,,74.09677419354828,75.73845493117413,1.3354622564596688,48.2,Living 🟡,2023
2023-03-01,,74.09677419354828,75.73845493117413,2.2370720464290583,48.2,Living 🟡,2023
2023-04-01,,74.09677419354828,75.73845493117413,3.1386818363984474,43.0,Living 🟡,2023
2023-05-01,,74.09677419354828,75.73845493117413,5.030011030095996,48.2,Living 🟡,2023
2023-06-01,,74.09677419354828,75.73845493117413,6.921340223793544,48.2,Living 🟡,2023
2023-07-01,,74.09677419354828,75.73845493117413,8.812669417491094,44.4,Living 🟡,2023
2023-08-01,,74.09677419354828,75.73845493117413,9.03936658559835,48.2,Living 🟡,2023
2023-09-01,,74.09677419354828,75.73845493117413,9.266063753705604,48.2,Living 🟡,2023
2023-10-01,,74.09677419354828,75.73845493117413,9.49276092181286,44.6,Living 🟡,2023
2023-11-01,,74.09677419354828,75.73845493117413,7.896573930430653,48.2,Living 🟡,2023
2023-12-01,,74.09677419354828,75.73845493117413,6.300386939048446,48.2,Living 🟡,2023
2024-01-01,,74.09677419354828,75.73845493117413,4.70419994766624,43.4,Living 🟡,2024
2024-02-01,,74.09677419354828,75.73845493117413,5.50879574469766,48.2,Living 🟡,2024
2024-03-01,,74.09677419354828,75.73845493117413,6.31339154172908,48.2,Living 🟡,2024
2024-04-01,,74.09677419354828,75.73845493117413,7.1179873387605,44.0,Living 🟡,2024
2024-05-01,,74.09677419354828,75.73845493117413,5.0231082724941505,48.2,Living 🟡,2024
2024-06-01,,74.09677419354828,75.73845493117413,2.928229206227802,48.2,Living 🟡,2024
2024-07-01,,74.09677419354828,75.73845493117413,0.8333501399614534,42.4,Living 🟡,2024
2024-08-01,,74.09677419354828,75.73845493117413,0.5555667599743022,48.2,Living 🟡,2024
2024-09-01,,74.09677419354828,75.73845493117413,0.2777833799871511,48.2,Living 🟡,2024
2024-10-01,,74.09677419354828,75.73845493117413,0.0,42.2,Living 🟡,2024
2024-11-01,,74.09677419354828,75.73845493117413,0.0,48.2,Living 🟡,2024
2024-12-01,,74.09677419354828,75.73845493117413,0.0,48.2,Living 🟡,2024
2025-01-01,,74.09677419354828,75.73845493117413,0.0,48.2,Living 🟡,2025
