latest.student.size,tuition_in_state,latest.cost.tuition.out_of_state,median_debt,latest.aid.median_debt.noncompleters,latest.repayment.3_yr_repayment.overall,earnings_10yr,earnings_6yr,completion_rate,latest.academics.program_percentage.business_marketing,latest.academics.program_percentage.computer,latest.academics.program_percentage.health,latest.academics.program_percentage.social_science,latest.academics.program_percentage.humanities,school_name,state,school.school_url,school.institutional_characteristics.level,debt_to_earnings_ratio
163164,17200.0,17200.0,21082.0,6332.0,8183.0,50318.0,41945.0,0.4283,0.3446,0.1201,0.0799,0.0183,0.0919,Southern New Hampshire University,NH,www.snhu.edu/,1,0.5026105614495172
155088,8658.0,8658.0,11116.0,6812.0,17280.0,60615.0,69572.0,0.4618,0.247,0.2335,0.2871,0.0,0.0,Western Governors University,UT,www.wgu.edu/,1,0.15977692175012936
85991,9552.0,9552.0,31553.0,9178.0,278519.0,37752.0,35359.0,0.2084,0.5586,0.1095,0.1735,0.0,0.0,University of Phoenix-Arizona,AZ,https://www.phoenix.edu/,1,0.892361209310218
73371,17850.0,17850.0,22114.0,6533.0,28348.0,42186.0,47280.0,0.4346,0.2124,0.0296,0.3387,0.009,0.0,Grand Canyon University,AZ,www.gcu.edu/,1,0.4677241962774958
64674,12223.0,33139.0,19500.0,9132.0,25396.0,62668.0,52843.0,0.6804,0.2456,0.066,0.0724,0.0532,0.0052,Arizona State University Campus Immersion,AZ,www.asu.edu/,1,0.36901765607554454
59615,13154.0,40124.0,17804.0,7500.0,10651.0,72097.0,59386.0,0.8391,0.1396,0.039,0.0614,0.0591,0.0,Texas A&M University-College Station,TX,https://www.tamu.edu/,1,0.29980129996968985
59146,6368.0,22467.0,18190.0,10250.0,18092.0,58308.0,47137.0,0.7801,0.15,0.0557,0.1428,0.0457,0.0273,University of Central Florida,FL,https://www.ucf.edu/,1,0.3858964295563994
53782,,,19500.0,9132.0,25396.0,62668.0,52843.0,0.0,0.1556,0.0311,0.12,0.0855,0.0359,Arizona State University Digital Immersion,AZ,www.asu.edu/,1,0.36901765607554454
50012,22465.0,22465.0,24500.0,9500.0,33099.0,44813.0,39707.0,0.6533,0.1896,0.0242,0.0492,0.0164,0.0003,Liberty University,VA,https://www.liberty.edu/,1,0.6170196690759816
49664,8136.0,12336.0,21000.0,9500.0,11367.0,65287.0,58051.0,0.3333,0.2341,0.2905,0.0321,0.0257,0.2147,University of Maryland Global Campus,MD,www.umgc.edu/,1,0.3617508742312794
45638,13244.0,40022.0,19976.0,7000.0,18227.0,60409.0,51438.0,0.8772,0.2071,0.0116,0.1086,0.0748,0.0012,Ohio State University-Main Campus,OH,www.osu.edu/,1,0.3883510245343909
44503,9992.0,28794.0,19500.0,8250.0,8874.0,72424.0,60838.0,0.831,0.1565,0.1057,0.0464,0.0481,0.0075,Purdue University-Main Campus,IN,https://www.purdue.edu/,1,0.3205233571123311
42855,11688.0,44908.0,20500.0,11785.0,10767.0,75121.0,60896.0,0.889,0.0967,0.0727,0.0457,0.0714,0.0284,The University of Texas at Austin,TX,https://www.utexas.edu/,1,0.3366395165528113
42537,13926.0,42278.0,19620.0,8250.0,9016.0,59979.0,47665.0,0.6752,0.1507,0.054,0.0852,0.0478,0.0076,University of Arizona,AZ,https://www.arizona.edu/,1,0.41162278401342706
42284,20644.0,41790.0,25000.0,9500.0,31926.0,63435.0,55620.0,0.8609,0.1857,0.1195,0.0385,0.0645,0.0033,Pennsylvania State University-Main Campus,PA,https://www.psu.edu/,1,0.4494786048184106
41254,5808.0,17736.0,23833.0,8250.0,10094.0,57552.0,47863.0,0.522,0.1744,0.0977,0.0757,0.0406,0.0,Kennesaw State University,GA,www.kennesaw.edu/,1,0.4979420429141508
40922,16458.0,43842.0,23250.0,10000.0,11613.0,67253.0,55084.0,0.8072,0.1657,0.0453,0.0393,0.077,0.0033,Michigan State University,MI,https://www.msu.edu/,1,0.42208263742647595
40074,8400.0,8400.0,21743.0,7170.0,30783.0,44409.0,32917.0,0.5716,0.3048,0.0853,0.108,0.0139,0.1273,American Public University System,WV,https://www.apus.edu/,1,0.6605401464288969
39508,6565.0,18964.0,16500.0,10500.0,12595.0,60249.0,47768.0,0.7443,0.2331,0.0748,0.0524,0.0566,0.0339,Florida International University,FL,www.fiu.edu/,1,0.3454195277173003
38546,7470.0,20070.0,13750.0,8250.0,8597.0,62951.0,48558.0,0.7018,0.2393,0.0477,0.0821,0.0581,0.0163,California State University-Fullerton,CA,www.fullerton.edu/,1,0.2831665225091643
38380,9717.0,22547.0,18194.0,8838.0,11537.0,62377.0,52768.0,0.6456,0.2805,0.0987,0.0574,0.0518,0.0042,University of Houston,TX,www.uh.edu/,1,0.344792298362644
37806,12144.0,41891.0,19509.0,6887.0,9703.0,63742.0,53417.0,0.8021,0.1867,0.0335,0.02,0.0246,0.4559,Indiana University-Bloomington,IN,https://bloomington.iu.edu/,1,0.3652208098545407
37751,17929.0,37441.0,21500.0,10500.0,16360.0,74479.0,61263.0,0.8363,0.2099,0.1336,0.094,0.0639,0.0,Rutgers University-New Brunswick,NJ,https://newbrunswick.rutgers.edu/,1,0.35094592168192873
37207,6410.0,17324.0,17988.0,9284.0,14430.0,57743.0,48328.0,0.7676,0.1691,0.0582,0.1731,0.1143,0.0404,University of South Florida,FL,www.usf.edu/,1,0.3722065883131932
36902,11603.0,42103.0,20484.0,11233.0,7291.0,73792.0,61275.0,0.8955,0.1616,0.068,0.0565,0.085,0.0058,University of Wisconsin-Madison,WI,www.wisc.edu/,1,0.33429620563035495
36258,16004.0,35124.0,19500.0,7500.0,8547.0,81054.0,64802.0,0.8513,0.0967,0.0779,0.0424,0.0701,0.0006,University of Illinois Urbana-Champaign,IL,www.illinois.edu/,1,0.30091663837535876
36177,11450.0,22930.0,21000.0,7500.0,12377.0,56906.0,46716.0,0.5528,0.1603,0.049,0.0764,0.0457,0.0186,Texas State University,TX,https://www.txst.edu/,1,0.44952478808117136
35924,7350.0,19950.0,14289.0,8250.0,8942.0,64403.0,50062.0,0.6888,0.1591,0.0381,0.0685,0.0707,0.0333,California State University-Long Beach,CA,www.csulb.edu/,1,0.2854260716711278
35629,6381.0,28659.0,15000.0,9000.0,7773.0,71588.0,56398.0,0.9112,0.125,0.0457,0.0686,0.1025,0.0103,University of Florida,FL,https://www.ufl.edu/,1,0.2659668782580943
35377,8728.0,21328.0,15000.0,8500.0,7943.0,64909.0,52620.0,0.7643,0.2708,0.0254,0.0592,0.0769,0.0311,San Diego State University,CA,https://www.sdsu.edu/,1,0.28506271379703535
34948,16758.0,50958.0,15500.0,10924.0,8021.0,84943.0,65669.0,0.8605,0.0481,0.0727,0.0355,0.0944,0.0008,University of California-San Diego,CA,www.ucsd.edu/,1,0.23603222220530234
34341,11309.0,21149.0,19250.0,8250.0,13521.0,57010.0,46304.0,0.6071,0.1982,0.0622,0.0359,0.0335,0.0484,University of North Texas,TX,www.unt.edu/,1,0.4157308223911541
34177,17736.0,60946.0,19500.0,9110.0,6278.0,83648.0,73762.0,0.932,0.0776,0.1604,0.0429,0.124,0.0069,University of Michigan-Ann Arbor,MI,https://umich.edu/,1,0.26436376454000704
33475,15203.0,49403.0,14000.0,8804.0,7483.0,82511.0,59063.0,0.9262,0.0037,0.0367,0.0052,0.2438,0.0,University of California-Los Angeles,CA,www.ucla.edu/,1,0.2370350303912771
33227,12180.0,34172.0,22750.0,10250.0,7612.0,59221.0,52233.0,0.7337,0.2911,0.0163,0.092,0.09,0.0002,The University of Alabama,AL,www.ua.edu/,1,0.43554840809449963
33068,16347.0,50547.0,13000.0,8250.0,6414.0,92446.0,74919.0,0.9284,0.0462,0.1702,0.0185,0.1651,0.0,University of California-Berkeley,CA,www.berkeley.edu/,1,0.17352073572791948
32952,6688.0,6688.0,11069.0,6241.0,5682.0,75790.0,58450.0,0.8098,0.1511,0.0743,0.0607,0.0728,0.0037,Brigham Young University,UT,https://byu.edu/,1,0.18937553464499574
32691,7458.0,20058.0,13872.0,8235.0,9995.0,59115.0,44372.0,0.5695,0.1917,0.0423,0.0675,0.0887,0.0311,California State University-Northridge,CA,https://www.csun.edu/,1,0.31262958622554765
32394,11852.0,24451.0,21500.0,9000.0,9532.0,62454.0,52588.0,0.6869,0.219,0.0392,0.0048,0.0391,0.0296,Texas Tech University,TX,www.ttu.edu/,1,0.4088385182931467
32294,11950.0,29582.0,17527.0,7500.0,13125.0,63199.0,60902.0,0.5402,0.1518,0.0507,0.3639,0.0168,0.0321,The University of Texas at Arlington,TX,https://www.uta.edu/,1,0.28779022035401136
32253,16774.0,50974.0,13000.0,7500.0,8044.0,80838.0,58461.0,0.8567,0.0592,0.0492,0.0075,0.1293,0.0,University of California-Davis,CA,ucdavis.edu/,1,0.22237046920169
32212,5656.0,18786.0,18000.0,9009.0,10353.0,61675.0,49814.0,0.8561,0.2265,0.0436,0.0776,0.1428,0.0234,Florida State University,FL,https://www.fsu.edu/,1,0.3613442004255832
32137,11450.0,31688.0,18500.0,10500.0,6961.0,68726.0,57565.0,0.8969,0.2812,0.0374,0.025,0.0676,0.0014,University of Georgia,GA,www.uga.edu/,1,0.3213758360114653
31942,12973.0,43209.0,14615.0,8413.0,10786.0,78466.0,62979.0,0.8518,0.0813,0.1254,0.0738,0.1044,0.0001,University of Washington-Seattle Campus,WA,https://www.washington.edu/,1,0.232061480811064
31939,15666.0,44918.0,19500.0,9500.0,6917.0,69738.0,54939.0,0.7419,0.1725,0.0653,0.008,0.0898,0.0032,University of Colorado Boulder,CO,https://www.colorado.edu/,1,0.3549391142903948
31855,17214.0,38362.0,19500.0,9249.0,11943.0,69020.0,57984.0,0.8528,0.1332,0.1021,0.0435,0.0838,0.0004,University of Minnesota-Twin Cities,MN,https://twin-cities.umn.edu/,1,0.3362996688741722
30923,15948.0,37764.0,21500.0,7500.0,6617.0,81698.0,67377.0,0.8622,0.2222,0.0667,0.0135,0.0776,0.0,Virginia Polytechnic Institute and State University,VA,www.vt.edu/,1,0.319099989610698
30760,11809.0,41186.0,19000.0,11000.0,7126.0,82860.0,67785.0,0.8859,0.1226,0.2077,0.0543,0.1156,0.0,University of Maryland-College Park,MD,www.umd.edu/,1,0.2802980010326768
30743,14400.0,38190.0,21221.0,9500.0,8801.0,64010.0,50843.0,0.7011,0.1336,0.1573,0.0398,0.0614,0.0073,Oregon State University,OR,https://oregonstate.edu/,1,0.4173829239029955
30594,11954.0,28631.0,20500.0,6500.0,4816.0,61251.0,49218.0,0.6881,0.2185,0.0289,0.0134,0.0773,0.0017,Louisiana State University and Agricultural & Mechanical College,LA,www.lsu.edu/,1,0.4165142833922549
30580,9011.0,22051.0,20500.0,8000.0,11880.0,57131.0,46340.0,0.5264,0.1786,0.1281,0.0538,0.0396,0.0298,The University of Texas at San Antonio,TX,www.utsa.edu/,1,0.4423823910228744
30418,13812.0,33256.0,20500.0,7500.0,6969.0,60249.0,47782.0,0.7392,0.2825,0.0294,0.0647,0.0686,0.0,The University of Tennessee-Knoxville,TN,www.utk.edu/,1,0.4290318529990373
30197,15722.0,49922.0,15000.0,9816.0,6357.0,80735.0,56210.0,0.8687,0.1174,0.0941,0.0616,0.1598,0.0,University of California-Irvine,CA,www.uci.edu/,1,0.26685643123999286
29882,13976.0,29310.0,21250.0,6250.0,14511.0,54810.0,48310.0,0.7496,0.1815,0.0708,0.1457,0.0294,0.0055,University of Cincinnati-Main Campus,OH,www.uc.edu/,1,0.4398675222521217
29820,12688.0,35972.0,21500.0,7750.0,7517.0,62177.0,50621.0,0.7882,0.2533,0.0483,0.1228,0.058,0.0202,University of South Carolina-Columbia,SC,www.sc.edu/,1,0.42472491653661526
28677,10104.0,29966.0,21500.0,8066.0,5113.0,58191.0,49686.0,0.7052,0.2951,0.0258,0.1072,0.042,0.0,University of Arkansas,AR,https://www.uark.edu/,1,0.43271746568449865
28666,9987.0,19827.0,12950.0,5750.0,5733.0,49620.0,35812.0,0.509,0.1139,0.0372,0.1123,0.0352,0.0012,The University of Texas Rio Grande Valley,TX,www.utrgv.edu/,1,0.3616106333072713
28663,62796.0,62796.0,20500.0,11000.0,6597.0,82509.0,64543.0,0.8757,0.1284,0.0934,0.0694,0.1334,0.0838,New York University,NY,https://www.nyu.edu/,1,0.31761771222285917
28350,8018.0,20618.0,15000.0,8250.0,9117.0,64876.0,51074.0,0.5629,0.1318,0.0463,0.1449,0.0914,0.0192,California State University-Sacramento,CA,https://www.csus.edu/,1,0.2936915064416337
28086,12750.0,12750.0,29832.0,9500.0,28730.0,37180.0,30406.0,0.1878,0.654,0.1028,0.1662,0.0,0.0,Colorado Technical University-Colorado Springs,CO,www.coloradotech.edu/Colorado-Springs,1,0.9811221469446819
27752,14220.0,38688.0,19500.0,8750.0,7319.0,76343.0,60536.0,0.6784,0.1954,0.1334,0.081,0.0687,0.0643,George Mason University,VA,https://www.gmu.edu/,1,0.3221223734637241
27601,8410.0,21010.0,15000.0,12000.0,6968.0,78988.0,62448.0,0.6922,0.2565,0.0372,0.0591,0.0613,0.0084,San Jose State University,CA,www.sjsu.edu/,1,0.2401998462720984
27371,8799.0,32847.0,20121.0,9250.0,7030.0,68758.0,57623.0,0.8476,0.1703,0.0548,0.0,0.049,0.0048,North Carolina State University at Raleigh,NC,www.ncsu.edu/,1,0.3491834857608941
27264,9620.0,30860.0,19000.0,9500.0,7622.0,67170.0,55239.0,0.6505,0.142,0.0918,0.0542,0.1363,0.0,University of Utah,UT,www.utah.edu/,1,0.34395988341570266
26816,12890.0,34922.0,21000.0,8750.0,5271.0,65337.0,54629.0,0.8195,0.2607,0.0333,0.061,0.0284,0.0019,Auburn University,AL,www.auburn.edu/,1,0.3844112101631002
26623,8664.0,24840.0,20903.0,8354.0,11839.0,47384.0,37844.0,0.5306,0.1885,0.1348,0.0654,0.0757,0.0,Georgia State University,GA,www.gsu.edu/,1,0.5523464750026424
25777,26906.0,26906.0,27000.0,7381.0,18639.0,38219.0,31917.0,0.4433,0.0202,0.0636,0.0,0.0,0.0,Full Sail University,FL,www.fullsail.edu/,1,0.8459441676849327
25538,13373.0,34783.0,20000.0,8250.0,7699.0,60543.0,49748.0,0.6651,0.1491,0.0419,0.0015,0.0714,0.0512,Colorado State University-Fort Collins,CO,colostate.edu/,1,0.4020262121090295
25367,10787.0,28881.0,22869.0,8250.0,9232.0,63386.0,53873.0,0.7532,0.1715,0.0455,0.0147,0.0173,0.0131,Iowa State University,IA,https://www.iastate.edu/,1,0.4244983572476008
25042,7780.0,20380.0,16000.0,8669.0,5689.0,71902.0,54466.0,0.6843,0.2584,0.0551,0.0,0.0824,0.0237,California State Polytechnic University-Pomona,CA,www.cpp.edu/,1,0.2937612455476811
24763,13502.0,34140.0,22500.0,7500.0,6505.0,59025.0,47266.0,0.7142,0.2243,0.0383,0.1344,0.0349,0.0131,University of Kentucky,KY,www.uky.edu/,1,0.47602928109000126
24622,9748.0,27411.0,19450.0,8742.0,6815.0,55037.0,42865.0,0.5051,0.2174,0.0486,0.0743,0.0548,0.0018,University of Nevada-Las Vegas,NV,www.unlv.edu/,1,0.4537501458066021
24453,7239.0,22492.0,21500.0,8500.0,8973.0,57289.0,48812.0,0.6897,0.189,0.1315,0.0852,0.0596,0.0,University of North Carolina at Charlotte,NC,https://www.charlotte.edu/,1,0.4404654593132836
23929,14837.0,36056.0,20500.0,7500.0,8913.0,63403.0,52756.0,0.7494,0.1786,0.0534,0.1114,0.0569,0.0,University of Missouri-Columbia,MO,https://missouri.edu/,1,0.3885813935855637
23757,4879.0,17324.0,17236.0,7500.0,8633.0,56746.0,45647.0,0.6257,0.2223,0.0365,0.1138,0.0445,0.0536,Florida Atlantic University,FL,www.fau.edu/,1,0.37759327009442023
23671,17772.0,40449.0,22763.0,17112.0,8932.0,71631.0,60347.0,0.8326,0.1609,0.0698,0.0497,0.1002,0.0096,University of Massachusetts-Amherst,MA,www.umass.edu/,1,0.3772018493048536
23300,15554.0,40866.0,21500.0,8750.0,4606.0,71513.0,58311.0,0.8656,0.2477,0.0354,0.0726,0.0785,0.0,Clemson University,SC,www.clemson.edu/,1,0.3687125928212516
23113,16414.0,50614.0,13993.0,7500.0,5962.0,74915.0,56852.0,0.8303,0.0061,0.0261,0.0,0.2664,0.0,University of California-Santa Barbara,CA,www.ucsb.edu/,1,0.24613030324350946
22903,13009.0,29881.0,19000.0,8250.0,9889.0,54384.0,47308.0,0.6132,0.1769,0.018,0.1459,0.0556,0.0619,Northern Arizona University,AZ,https://nau.edu/,1,0.40162340407542063
22734,9797.0,27377.0,20654.0,9500.0,6682.0,63126.0,52216.0,0.7533,0.2533,0.0375,0.0222,0.0611,0.0453,University of Oklahoma-Norman Campus,OK,https://www.ou.edu/,1,0.3955492569327409
22593,15606.0,49806.0,17500.0,8102.0,6760.0,67699.0,48593.0,0.7596,0.151,0.0715,0.0,0.1708,0.0154,University of California-Riverside,CA,www.ucr.edu/,1,0.36013417570431955
22264,11283.0,33371.0,22500.0,8750.0,7498.0,64762.0,52696.0,0.7463,0.2395,0.0204,0.0901,0.0645,0.04,University of Iowa,IA,https://uiowa.edu/,1,0.4269773796872628
22170,14338.0,29884.0,16704.0,6500.0,6503.0,68740.0,53218.0,0.6162,0.1774,0.0986,0.1473,0.0402,0.001,University of Illinois Chicago,IL,www.uic.edu/,1,0.3138787628246082
21996,13596.0,34665.0,18500.0,9166.0,4377.0,90768.0,72358.0,0.864,0.1751,0.0439,0.0104,0.0491,0.0201,California Polytechnic State University-San Luis Obispo,CA,calpoly.edu/,1,0.25567318057436633
21790,6022.0,17734.0,23250.0,8982.0,7692.0,53236.0,44423.0,0.549,0.1804,0.0533,0.1691,0.0612,0.0459,Georgia Southern University,GA,www.georgiasouthern.edu/,1,0.5233775296580601
21773,10234.0,25754.0,20500.0,8250.0,5995.0,57413.0,46855.0,0.6817,0.282,0.033,0.0305,0.0228,0.0504,Oklahoma State University-Main Campus,OK,www.okstate.edu/,1,0.43752000853697576
21751,14644.0,40144.0,18000.0,7500.0,4226.0,68227.0,57249.0,0.7569,0.1922,0.243,0.0734,0.0404,0.0,The University of Texas at Dallas,TX,www.utdallas.edu/,1,0.31441597233139446
21605,7350.0,19950.0,14505.0,8250.0,5879.0,61244.0,44012.0,0.5696,0.1372,0.0134,0.0731,0.1244,0.0932,California State University-Fresno,CA,www.fresnostate.edu/,1,0.3295692083977097
21473,9772.0,28600.0,20000.0,10490.0,5302.0,50994.0,45336.0,0.7174,0.2723,0.0129,0.1925,0.0378,0.0152,University of Mississippi,MS,www.olemiss.edu/,1,0.4411505205576143
21217,12102.0,30432.0,21000.0,10950.0,7029.0,61945.0,51217.0,0.6881,0.2113,0.0379,0.09,0.0375,0.0534,University of Kansas,KS,https://ku.edu/,1,0.41002011051018217
21099,13391.0,29950.0,19500.0,9500.0,9753.0,68905.0,53510.0,0.605,0.1909,0.0512,0.057,0.1044,0.0148,Washington State University,WA,https://wsu.edu/,1,0.364417865819473
21005,9744.0,25502.0,18000.0,8750.0,7907.0,50923.0,37978.0,0.5017,0.135,0.0438,0.135,0.0226,0.0,The University of Texas at El Paso,TX,https://www.utep.edu/,1,0.47395860761493497
20970,23011.0,38958.0,24395.0,10996.0,12947.0,63727.0,50860.0,0.7505,0.2065,0.0636,0.1048,0.0439,0.0038,Temple University,PA,www.temple.edu/,1,0.47965001966181675
20888,14250.0,31604.0,20093.0,8250.0,4576.0,69954.0,57438.0,0.7972,0.1385,0.0601,0.1827,0.0805,0.0285,James Madison University,VA,www.jmu.edu/index.shtml,1,0.3498206762073888
20753,16945.0,40109.0,21500.0,9500.0,8863.0,58128.0,47161.0,0.6318,0.1231,0.0613,0.0683,0.0506,0.0,Virginia Commonwealth University,VA,https://www.vcu.edu/,1,0.4558851593477662
20752,8994.0,41203.0,14000.0,7470.0,3647.0,72200.0,57057.0,0.9117,0.0946,0.0816,0.0644,0.14,0.0028,University of North Carolina at Chapel Hill,NC,https://www.unc.edu/,1,0.245368666421298
20497,16137.0,44598.0,20139.0,7667.0,6682.0,61324.0,46084.0,0.7169,0.1684,0.0182,0.0121,0.1805,0.0012,University of Oregon,OR,https://www.uoregon.edu/,1,0.43700633625553337
20443,72097.0,72097.0,18000.0,9927.0,4358.0,92498.0,74461.0,0.9183,0.2337,0.072,0.0231,0.0953,0.0,University of Southern California,CA,www.usc.edu/,1,0.24173728529028618
20370,21926.0,41430.0,24250.0,9500.0,10515.0,66125.0,54240.0,0.855,0.1125,0.0743,0.1088,0.0641,0.0072,University of Pittsburgh-Pittsburgh Campus,PA,www.pitt.edu/,1,0.44708702064896755
20152,11960.0,11960.0,31250.0,4961.0,80276.0,35404.0,33397.0,0.1068,0.4626,0.0372,0.1044,0.0204,0.0109,Ashford University,CA,www.uagc.edu/,1,0.935712788573824
20112,10936.0,31536.0,19000.0,7500.0,7135.0,70814.0,53742.0,0.7518,0.1655,0.0668,0.0809,0.1242,0.0,University at Buffalo,NY,https://www.buffalo.edu/,1,0.3535409921476685
19896,7361.0,23638.0,22750.0,9000.0,8243.0,55146.0,46420.0,0.6262,0.2222,0.0277,0.1595,0.0616,0.0478,East Carolina University,NC,https://www.ecu.edu/,1,0.49009047824213703
19835,21044.0,43712.0,21500.0,8750.0,7657.0,73997.0,63322.0,0.8329,0.1269,0.0488,0.1143,0.1203,0.0207,University of Connecticut,CT,https://uconn.edu/,1,0.3395344430055905
19633,14158.0,24838.0,21056.0,7750.0,15161.0,52581.0,48991.0,0.6545,0.1568,0.0111,0.28,0.0384,0.0334,Ohio University-Main Campus,OH,https://www.ohio.edu/,1,0.42979322732746833
19562,7160.0,19760.0,13000.0,8100.0,5699.0,59211.0,45702.0,0.5298,0.1642,0.0537,0.0857,0.083,0.0269,California State University-Los Angeles,CA,https://www.calstatela.edu/,1,0.2844514463262002
19444,7579.0,25212.0,20231.0,8050.0,5017.0,51836.0,43663.0,0.7453,0.2454,0.0228,0.0779,0.0528,0.0048,Appalachian State University,NC,https://www.appstate.edu/,1,0.4633442502805579
19320,13232.0,23082.0,24500.0,9000.0,19042.0,45388.0,40179.0,0.6372,0.2003,0.0259,0.1496,0.0294,0.02,Kent State University at Kent,OH,www.kent.edu/,1,0.6097712735508599
19178,10434.0,28584.0,21000.0,6750.0,6866.0,56887.0,47692.0,0.6697,0.2237,0.0286,0.0137,0.043,0.0005,University of Nebraska-Lincoln,NE,www.unl.edu/,1,0.44032542145433196
19071,16810.0,41400.0,24572.0,8250.0,5295.0,72950.0,58846.0,0.8055,0.2091,0.0284,0.1132,0.0734,0.0437,University of Delaware,DE,www.udel.edu/,1,0.4175644903646807
19057,16144.0,28210.0,20482.0,8000.0,7716.0,62117.0,50599.0,0.6454,0.2156,0.0547,0.0902,0.0441,0.0268,Illinois State University,IL,illinoisstate.edu/,1,0.4047906085100496
18854,15140.0,21548.0,24500.0,10915.0,9756.0,56118.0,47840.0,0.6701,0.2275,0.0366,0.1436,0.0431,0.0216,Grand Valley State University,MI,www.gvsu.edu/,1,0.512123745819398
18785,12058.0,34484.0,21672.0,19000.0,3207.0,102772.0,89432.0,0.9402,0.0857,0.2834,0.0,0.0144,0.0,Georgia Institute of Technology-Main Campus,GA,www.gatech.edu/,1,0.24232936756418283
18639,7950.0,20550.0,15371.0,9852.0,8468.0,68077.0,52650.0,0.5037,0.1901,0.0722,0.0726,0.0696,0.0093,San Francisco State University,CA,www.sfsu.edu/,1,0.29194681861348526
18397,10202.0,27637.0,22142.0,9081.0,5900.0,51513.0,43487.0,0.6667,0.1958,0.0254,0.0023,0.0288,0.0148,Mississippi State University,MS,https://www.msstate.edu/,1,0.509163658104721
18376,15912.0,26022.0,22000.0,8573.0,6189.0,61415.0,47944.0,0.6466,0.2089,0.0339,0.0499,0.042,0.0134,Montclair State University,NJ,www.montclair.edu/,1,0.45886868012681464
18364,14400.0,14400.0,14968.0,6414.0,9748.0,42189.0,48500.0,0.2,0.0829,0.0205,0.8101,0.0,0.0,Capella University,MN,www.capella.edu/,1,0.30861855670103094
18248,68102.0,68102.0,23250.0,12000.0,4714.0,83238.0,65655.0,0.8866,0.172,0.0808,0.0503,0.1386,0.0,Boston University,MA,www.bu.edu/,1,0.3541238291066941
18101,10931.0,32741.0,18228.0,8750.0,5598.0,74502.0,59492.0,0.7556,0.0993,0.0872,0.1538,0.0834,0.0002,Stony Brook University,NY,https://www.stonybrook.edu/,1,0.30639413702682716
17940,16005.0,50205.0,16666.0,9166.0,5527.0,68396.0,49716.0,0.7509,0.0653,0.1627,0.0041,0.102,0.0,University of California-Santa Cruz,CA,www.ucsc.edu/,1,0.33522407273312416
17743,9228.0,19068.0,21983.0,9500.0,6699.0,54211.0,45337.0,0.5476,0.1663,0.0143,0.1013,0.021,0.0101,Sam Houston State University,TX,www.shsu.edu/,1,0.48487989941989984
17674,9048.0,27788.0,20500.0,8250.0,8080.0,51658.0,45251.0,0.602,0.2113,0.0262,0.18,0.0303,0.0611,Boise State University,ID,https://www.boisestate.edu/,1,0.45302866235000333
17597,21803.0,59512.0,17500.0,7500.0,2725.0,86863.0,72359.0,0.956,0.0859,0.0767,0.0378,0.1193,0.1533,University of Virginia-Main Campus,VA,https://www.virginia.edu/,1,0.24184966624746057
17514,12750.0,33780.0,24000.0,10621.0,8463.0,54914.0,46732.0,0.4632,0.1545,0.1011,0.1752,0.0806,0.0,Old Dominion University,VA,www.odu.edu/,1,0.5135667208764872
17385,10104.0,28608.0,22500.0,6864.0,10610.0,55939.0,45181.0,0.6466,0.1748,0.0212,0.0937,0.0675,0.0333,West Virginia University,WV,www.wvu.edu/,1,0.49799694561873353
17326,66162.0,66162.0,24250.0,13500.0,5745.0,92538.0,78413.0,0.9054,0.225,0.1585,0.0755,0.0842,0.001,Northeastern University,MA,www.northeastern.edu/,1,0.30925994414191527
17244,10140.0,33060.0,18450.0,9322.0,9418.0,44792.0,37150.0,0.5469,0.1399,0.0182,0.1906,0.057,0.0495,University of New Mexico-Main Campus,NM,www.unm.edu/,1,0.49663526244952894
16758,10398.0,22398.0,23000.0,8750.0,11922.0,54990.0,45851.0,0.4932,0.1984,0.0667,0.1244,0.0351,0.0503,University of Wisconsin-Milwaukee,WI,uwm.edu/,1,0.5016248282480208
16656,18161.0,41221.0,23000.0,7500.0,7300.0,55076.0,49773.0,0.7979,0.2747,0.0476,0.0385,0.0823,0.0008,Miami University-Oxford,OH,miamioh.edu/,1,0.4620979245775822
16301,10266.0,31574.0,20000.0,8250.0,11268.0,48541.0,39941.0,0.537,0.1814,0.0229,0.0347,0.0339,0.0217,Middle Tennessee State University,TN,www.mtsu.edu/,1,0.5007385894193936
16289,7382.0,15332.0,11000.0,6883.0,2308.0,63163.0,50414.0,0.5686,0.0395,0.0893,0.075,0.1363,0.0,CUNY Hunter College,NY,www.hunter.cuny.edu/,1,0.21819335898758282
16154,7464.0,15414.0,11512.0,7250.0,1639.0,75971.0,61542.0,0.7212,0.7213,0.0872,0.0,0.0456,0.0026,CUNY Bernard M Baruch College,NY,www.baruch.cuny.edu/,1,0.18705924409346464
16146,5285.0,16503.0,17750.0,6500.0,2549.0,50135.0,43085.0,0.3729,0.1625,0.0843,0.0789,0.048,0.1959,University of North Georgia,GA,www.ung.edu/,1,0.4119763258674713
16136,11728.0,29820.0,18718.0,10500.0,6334.0,64390.0,54302.0,0.6946,0.1513,0.1054,0.1222,0.0906,0.0,Towson University,MD,www.towson.edu/,1,0.3447018526021141
15995,69314.0,69314.0,14000.0,6934.0,3137.0,104043.0,87830.0,0.9538,0.1437,0.1788,0.0072,0.0766,0.0046,Cornell University,NY,www.cornell.edu/,1,0.159398838665604
15841,16574.0,26932.0,20500.0,12000.0,4627.0,59988.0,50705.0,0.6736,0.1474,0.0679,0.0564,0.03,0.0403,Rowan University,NJ,https://www.rowan.edu/,1,0.4042993787594912
15599,9578.0,27720.0,18922.0,6500.0,3958.0,60614.0,49182.0,0.6124,0.1653,0.0637,0.1458,0.0478,0.0176,University of Nevada-Reno,NV,www.unr.edu/,1,0.3847342523687528
15587,15190.0,32037.0,21250.0,10866.0,9898.0,53493.0,45207.0,0.5844,0.225,0.0478,0.1355,0.0426,0.0013,Wayne State University,MI,https://wayne.edu/,1,0.47005994646846727
15477,65528.0,65528.0,26000.0,10250.0,4711.0,79164.0,60459.0,0.8361,0.1367,0.0748,0.0203,0.1337,0.0056,Syracuse University,NY,https://www.syracuse.edu/,1,0.4300435005540945
15243,41630.0,41630.0,25148.0,6500.0,3762.0,45954.0,34110.0,0.6941,0.0382,0.0,0.0,0.0,0.0,Savannah College of Art and Design,GA,www.scad.edu/,1,0.7372618000586338
15142,11221.0,28568.0,21250.0,10500.0,7461.0,57262.0,49330.0,0.7108,0.2599,0.0268,0.0376,0.0395,0.0024,Kansas State University,KS,www.k-state.edu/,1,0.4307723494830732
15029,12186.0,34218.0,18500.0,8250.0,4373.0,57624.0,45701.0,0.6429,0.2012,0.0258,0.0651,0.0758,0.0268,University of Hawaii at Manoa,HI,https://manoa.hawaii.edu/,1,0.4048051464957003
15023,8093.0,20693.0,14715.0,9000.0,6017.0,59977.0,43149.0,0.549,0.1677,0.0707,0.0661,0.098,0.0622,California State University-San Bernardino,CA,www.csusb.edu/,1,0.3410276020301745
15002,11124.0,30684.0,21500.0,9005.0,11941.0,52093.0,45391.0,0.3154,0.168,0.0447,0.0631,0.0322,0.1108,Metropolitan State University of Denver,CO,www.msudenver.edu/,1,0.4736621797272587
14922,7277.0,24152.0,19500.0,8500.0,4549.0,54967.0,46972.0,0.7059,0.1803,0.0384,0.2642,0.0512,0.0,University of North Carolina Wilmington,NC,www.uncw.edu/,1,0.41514093502512134
14877,8082.0,20682.0,17350.0,8000.0,3335.0,62908.0,48673.0,0.5456,0.1623,0.0583,0.11,0.1765,0.0441,California State University-San Marcos,CA,www.csusm.edu/,1,0.35646046062498715
14785,58100.0,58100.0,23000.0,8000.0,4139.0,65793.0,56532.0,0.7999,0.2557,0.0068,0.1984,0.0665,0.0018,Baylor University,TX,www.baylor.edu/,1,0.4068492181419373
14727,13136.0,29482.0,20500.0,7600.0,6171.0,53899.0,46571.0,0.6123,0.1575,0.0281,0.1385,0.0569,0.0159,University of Louisville,KY,www.louisville.edu/,1,0.4401880998904898
14655,10567.0,30447.0,18500.0,9373.0,4080.0,80596.0,61621.0,0.8162,0.1425,0.0445,0.0461,0.1295,0.0057,Binghamton University,NY,www.binghamton.edu/,1,0.3002223268041739
14451,8460.0,33287.0,22500.0,8250.0,5172.0,53263.0,44757.0,0.5708,0.1417,0.0337,0.1315,0.0422,0.0419,Montana State University,MT,https://www.montana.edu/,1,0.5027146591594611
14164,10775.0,22599.0,23500.0,17513.0,5550.0,61258.0,51013.0,0.7051,0.2565,0.026,0.1536,0.0214,0.0385,West Chester University of Pennsylvania,PA,https://www.wcupa.edu/,1,0.4606668888322584
14090,45999.0,45999.0,23168.0,10000.0,7507.0,68751.0,54695.0,0.678,0.3013,0.1092,0.0474,0.0806,0.0084,DePaul University,IL,https://www.depaul.edu/,1,0.42358533686808664
14062,7661.0,24012.0,22858.0,8991.0,6743.0,48160.0,39869.0,0.5631,0.1975,0.0582,0.1171,0.0582,0.0056,University of North Carolina at Greensboro,NC,www.uncg.edu/,1,0.5733276480473551
14027,21536.0,21536.0,20919.0,10922.0,9893.0,92405.0,84533.0,0.4167,0.0,0.0,1.0,0.0,0.0,Chamberlain University-Illinois,IL,https://www.chamberlain.edu/,1,0.24746548685128886
13988,11082.0,29630.0,23250.0,6500.0,7622.0,51833.0,44394.0,0.6234,0.1631,0.0215,0.0885,0.026,0.0824,Ball State University,IN,https://www.bsu.edu/,1,0.5237194215434519
13874,6118.0,25162.0,17622.0,7500.0,3627.0,54560.0,45029.0,0.574,0.2005,0.0061,0.1021,0.0251,0.1009,Florida Gulf Coast University,FL,www.fgcu.edu/,1,0.3913477980856781
13830,10762.0,34891.0,20000.0,7250.0,11624.0,55198.0,47173.0,0.5445,0.1702,0.0658,0.2535,0.0203,0.0433,Indiana University-Indianapolis,IN,https://indianapolis.iu.edu/,1,0.42397133953744726
13631,8472.0,21072.0,16552.0,9000.0,5156.0,64172.0,50493.0,0.6278,0.1414,0.0397,0.0818,0.103,0.0624,California State University-Chico,CA,www.csuchico.edu/,1,0.3278078149446458
13603,16327.0,16327.0,30157.0,6717.0,6307.0,38696.0,31401.0,0.2493,0.3274,0.026,0.1417,0.0,0.0,Post University,CT,www.post.edu/,1,0.960383427279386
13580,7332.0,15282.0,10533.0,5500.0,2044.0,49365.0,39982.0,0.2147,0.1014,0.1844,0.2456,0.0,0.0128,CUNY New York City College of Technology,NY,www.citytech.cuny.edu/,1,0.2634435495973188
13544,9582.0,28707.0,18500.0,7500.0,4964.0,62569.0,45272.0,0.6464,0.1046,0.0448,0.0442,0.1062,0.0032,Western Washington University,WA,wwu.edu/,1,0.40864110266831594
13381,16942.0,37146.0,22250.0,7750.0,5607.0,69743.0,57446.0,0.7331,0.1461,0.0351,0.131,0.0614,0.0,University of Rhode Island,RI,https://web.uri.edu/,1,0.3873202659889287
13359,6389.0,20793.0,15531.0,6895.0,5350.0,56343.0,46546.0,0.6921,0.1656,0.0634,0.1912,0.0378,0.0576,University of North Florida,FL,https://www.unf.edu/,1,0.33366991793064926
13313,9502.0,18770.0,21992.0,9931.0,7060.0,49827.0,40553.0,0.5791,0.1767,0.0494,0.095,0.0984,0.0158,Missouri State University-Springfield,MO,www.missouristate.edu/,1,0.5423026656474244
13233,62412.0,62412.0,25325.0,8750.0,6177.0,84648.0,69063.0,0.7816,0.1573,0.1166,0.1783,0.0263,0.0163,Drexel University,PA,https://drexel.edu/,1,0.36669417777970836
13215,59274.0,59274.0,26778.0,12000.0,5292.0,76571.0,65457.0,0.6989,0.0695,0.2289,0.0346,0.0075,0.0455,Rochester Institute of Technology,NY,www.rit.edu/,1,0.40909299234612034
13182,11679.0,31074.0,20500.0,11000.0,11640.0,57906.0,46937.0,0.5266,0.1814,0.0538,0.0803,0.1228,0.0521,Portland State University,OR,www.pdx.edu/,1,0.43675565119202336
12913,62616.0,62616.0,17500.0,7985.0,2779.0,75328.0,61508.0,0.8368,0.2046,0.0251,0.147,0.0931,0.0097,University of Miami,FL,www.miami.edu/,1,0.28451583533849256
12812,14460.0,22448.0,25000.0,8250.0,8776.0,47896.0,41281.0,0.6373,0.1424,0.0141,0.0873,0.0171,0.0124,Bowling Green State University-Main Campus,OH,www.bgsu.edu/,1,0.6056054843632664
12701,10728.0,15384.0,23300.0,9500.0,8814.0,48458.0,40921.0,0.5089,0.1796,0.0266,0.1109,0.0337,0.0226,University of Memphis,TN,https://www.memphis.edu/,1,0.5693897998582634
12673,8302.0,18142.0,19606.0,7500.0,5084.0,53040.0,46729.0,0.4821,0.1884,0.029,0.076,0.0101,0.0253,Tarleton State University,TX,www.tarleton.edu/,1,0.41956814825911104
12568,15252.0,19034.0,26188.0,11780.0,9308.0,53562.0,45356.0,0.5757,0.271,0.0195,0.0733,0.0227,0.0,Western Michigan University,MI,https://wmich.edu/,1,0.5773877766998854
12564,10866.0,31256.0,19500.0,8750.0,5872.0,67979.0,51380.0,0.6145,0.1534,0.1051,0.0222,0.1443,0.0,University at Albany,NY,www.albany.edu/,1,0.379525107045543
12555,7708.0,17548.0,18750.0,10687.0,6148.0,53551.0,49120.0,0.332,0.3644,0.04,0.0348,0.0224,0.0048,University of Houston-Downtown,TX,www.uhd.edu/,1,0.38171824104234525
12550,7538.0,15488.0,10298.0,7149.0,2059.0,62763.0,48548.0,0.5325,0.1136,0.0986,0.0281,0.1591,0.0,CUNY Queens College,NY,https://www.qc.cuny.edu/,1,0.21211996374721925
12538,7449.0,20049.0,13807.0,8458.0,4714.0,57162.0,46827.0,0.4279,0.1839,0.0475,0.1028,0.0728,0.0538,California State University-Dominguez Hills,CA,https://www.csudh.edu/,1,0.29485126102462256
12505,7340.0,15290.0,11990.0,7500.0,2297.0,66039.0,46435.0,0.5682,0.0426,0.0426,0.002,0.1241,0.039,CUNY City College,NY,www.ccny.cuny.edu/,1,0.25821040163669645
12428,10418.0,24146.0,22902.0,8510.0,3828.0,47089.0,42668.0,0.5263,0.139,0.0378,0.1513,0.0246,0.1557,University of Louisiana at Lafayette,LA,www.louisiana.edu/,1,0.5367488515983876
12351,15262.0,23188.0,22750.0,9298.0,6835.0,58612.0,49017.0,0.5756,0.1753,0.0513,0.238,0.0269,0.0461,Oakland University,MI,www.oakland.edu/,1,0.46412469143358426
12318,10320.0,21230.0,22500.0,9500.0,7177.0,45795.0,38611.0,0.5004,0.1615,0.0079,0.1295,0.0245,0.0728,Eastern Kentucky University,KY,https://www.eku.edu/,1,0.5827354898863019
12182,6813.0,20673.0,27000.0,11000.0,4581.0,44440.0,36638.0,0.5718,0.1221,0.0673,0.0499,0.0334,0.0856,North Carolina A & T State University,NC,www.ncat.edu/,1,0.7369397892898084
12176,6760.0,6760.0,21339.0,9375.0,4877.0,63534.0,55140.0,0.3328,0.2205,0.0417,0.1006,0.0,0.0182,Columbia Southern University,AL,www.columbiasouthern.edu/,1,0.3869967355821545
12155,11652.0,27000.0,22095.0,9343.0,8635.0,43889.0,38156.0,0.5556,0.191,0.0234,0.1495,0.0638,0.0555,Western Kentucky University,KY,https://www.wku.edu/,1,0.5790701331376454
11946,8183.0,25307.0,17095.0,6043.0,9092.0,39067.0,32960.0,0.5517,0.135,0.0606,0.0922,0.0299,0.0643,New Mexico State University-Main Campus,NM,www.nmsu.edu/,1,0.5186589805825242
11743,19058.0,45502.0,20951.0,8250.0,3810.0,62472.0,48164.0,0.7859,0.094,0.0403,0.096,0.0848,0.0042,University of Vermont,VT,www.uvm.edu/,1,0.43499294078564904
11737,53710.0,53710.0,24157.0,11964.0,4420.0,71530.0,58411.0,0.7304,0.1762,0.0255,0.1402,0.081,0.0142,Loyola University Chicago,IL,https://www.luc.edu/,1,0.4135693619352519
11703,9572.0,18942.0,21106.0,8250.0,6281.0,56922.0,50098.0,0.5395,0.2316,0.0304,0.198,0.0286,0.0304,Minnesota State University-Mankato,MN,https://mnsu.edu/,1,0.4212942632440417
11635,9098.0,22562.0,22300.0,10204.0,5049.0,54501.0,46572.0,0.6423,0.1997,0.0352,0.2111,0.0267,0.0303,University of Alabama at Birmingham,AL,https://www.uab.edu/,1,0.4788284806321395
11590,7470.0,15420.0,11000.0,7453.0,2113.0,56195.0,50293.0,0.5583,0.0,0.0657,0.0,0.1188,0.0045,CUNY John Jay College of Criminal Justice,NY,www.jjay.cuny.edu/,1,0.2187183106993021
11550,,,13769.0,9833.0,1684.0,78493.0,63796.0,,0.1044,0.0181,0.2659,0.0073,0.3791,Excelsior University,NY,www.excelsior.edu/,1,0.21582857859426924
11512,15908.0,38125.0,21974.0,10332.0,5404.0,65865.0,53521.0,0.4941,0.1549,0.0922,0.1561,0.0853,0.0,University of Massachusetts-Boston,MA,www.umb.edu/,1,0.41056781450271856
11488,8718.0,23206.0,19000.0,7990.0,5315.0,53909.0,45494.0,0.4708,0.1746,0.0798,0.0224,0.0241,0.1405,University of Nebraska at Omaha,NE,https://www.unomaha.edu/,1,0.41763749065810873
11434,16966.0,36264.0,23704.0,9750.0,5260.0,64874.0,61467.0,0.6482,0.2011,0.1347,0.0818,0.0172,0.0274,University of Massachusetts-Lowell,MA,www.uml.edu/,1,0.3856378219207054
11433,14299.0,22446.0,23250.0,10000.0,6312.0,57237.0,46603.0,0.4657,0.2195,0.0578,0.0642,0.0245,0.006,Kean University,NJ,https://www.kean.edu/,1,0.49889492092783727
11344,4532.0,13844.0,20076.0,8458.0,3741.0,47730.0,36756.0,0.2147,0.2393,0.1352,0.0806,0.0235,0.0109,Georgia Gwinnett College,GA,www.ggc.edu/,1,0.5461965393405158
11301,13248.0,13248.0,22162.0,9500.0,9147.0,57808.0,46113.0,0.4866,0.1804,0.0491,0.1362,0.0503,0.038,Northern Illinois University,IL,www.niu.edu/,1,0.48060199943616766
11261,19202.0,39852.0,26814.0,8750.0,5966.0,66479.0,53671.0,0.7607,0.2019,0.0306,0.0899,0.0566,0.0,University of New Hampshire-Main Campus,NH,https://www.unh.edu/,1,0.4995994112276648
11182,67710.0,67710.0,20449.0,12500.0,2671.0,90873.0,71607.0,0.8398,0.1398,0.0569,0.1562,0.3175,0.0047,George Washington University,DC,https://www.gwu.edu/,1,0.28557263954641304
11026,61740.0,61740.0,21500.0,7500.0,1977.0,68424.0,60435.0,0.8551,0.2806,0.0268,0.1285,0.0885,0.0176,Texas Christian University,TX,https://www.tcu.edu/,1,0.35575411599238854
10794,13284.0,13284.0,25000.0,10500.0,6067.0,67548.0,64331.0,0.4286,0.2109,0.0286,0.2443,0.0232,0.0734,National University,CA,www.nu.edu/,1,0.38861513111874524
10780,9684.0,19869.0,20500.0,8500.0,5585.0,51532.0,44043.0,0.5103,0.1648,0.0638,0.1339,0.0157,0.1053,Wichita State University,KS,www.wichita.edu/,1,0.465454215198783
10701,13256.0,31275.0,19500.0,10500.0,3497.0,69960.0,55137.0,0.7001,0.0147,0.2597,0.0282,0.1019,0.0,University of Maryland-Baltimore County,MD,umbc.edu/,1,0.3536645084063333
10696,7410.0,15360.0,10950.0,6500.0,2249.0,58013.0,51067.0,0.5128,0.1809,0.0655,0.267,0.089,0.0021,CUNY Lehman College,NY,www.lehman.edu/,1,0.2144241878316721
10650,68686.0,68686.0,15715.0,12000.0,2022.0,111371.0,90555.0,0.9654,0.0711,0.0765,0.0953,0.1141,0.0281,University of Pennsylvania,PA,www.upenn.edu/,1,0.17354094196896913
10572,34408.0,34408.0,24211.0,6500.0,2466.0,59436.0,48397.0,0.637,0.3489,0.0323,0.1249,0.095,0.0032,The University of Tampa,FL,https://www.ut.edu/,1,0.5002582804719301
10558,12978.0,38296.0,23250.0,8750.0,3242.0,56416.0,43821.0,0.6583,0.2397,0.0378,0.0483,0.0866,0.0077,College of Charleston,SC,https://www.charleston.edu/,1,0.5305675361128226
10543,7452.0,15402.0,11000.0,7266.0,2617.0,60752.0,45035.0,0.5386,0.2672,0.0668,0.0672,0.0369,0.0,CUNY Brooklyn College,NY,www.brooklyn.edu/,1,0.24425446874653048
10519,10383.0,29391.0,20500.0,8667.0,4622.0,64270.0,52475.0,0.4615,0.174,0.0383,0.1071,0.0848,0.034,University of Colorado Denver/Anschutz Medical Campus,CO,www.ucdenver.edu/,1,0.39066222010481183
10512,64915.0,64915.0,24300.0,6500.0,2930.0,85569.0,68008.0,0.8191,0.1783,0.0463,0.0,0.1655,0.0033,Fordham University,NY,https://www.fordham.edu/,1,0.3573109045994589
10377,11640.0,29628.0,23750.0,8250.0,4622.0,47258.0,38070.0,0.4846,0.2316,0.0218,0.0459,0.0453,0.0344,Coastal Carolina University,SC,https://www.coastal.edu/,1,0.6238508011557657
10220,9903.0,9903.0,20000.0,8038.0,4557.0,61289.0,57732.0,0.3295,0.4831,0.2027,0.0865,0.064,0.0005,Bellevue University,NE,https://www.bellevue.edu/,1,0.3464283239797686
10170,8818.0,19704.0,21000.0,8663.0,5363.0,48351.0,43074.0,0.3676,0.1681,0.0337,0.1146,0.04,0.0975,University of Central Oklahoma,OK,https://www.uco.edu/,1,0.4875330826020337
10108,35810.0,35810.0,24500.0,12500.0,3236.0,63066.0,47379.0,0.6996,0.1422,0.0406,0.1042,0.1352,0.0,Howard University,DC,www.howard.edu/,1,0.517106735051394
10085,70702.0,70702.0,19000.0,6750.0,2149.0,103937.0,85717.0,0.9083,0.2367,0.0615,0.0402,0.197,0.0029,Boston College,MA,www.bc.edu/,1,0.2216596474444976
10075,9998.0,11998.0,22500.0,8750.0,6699.0,44140.0,37710.0,0.4906,0.1998,0.0404,0.1295,0.0238,0.0578,University of Southern Mississippi,MS,https://www.usm.edu/,1,0.5966587112171837
10074,10448.0,18512.0,19500.0,6500.0,3959.0,51151.0,42209.0,0.5024,0.2074,0.0394,0.0445,0.0413,0.0079,The University of Tennessee-Chattanooga,TN,utc.edu/,1,0.46198678007060107
10055,16240.0,16240.0,25000.0,12000.0,9908.0,51793.0,43148.0,0.4644,0.1574,0.0537,0.1855,0.0504,0.0,Eastern Michigan University,MI,www.emich.edu/,1,0.5794011309910077
10035,14760.0,14760.0,27000.0,11525.0,9592.0,55874.0,46567.0,0.5872,0.2235,0.0244,0.0522,0.0352,0.0,Central Michigan University,MI,https://www.cmich.edu/,1,0.5798097365086864
10024,4630.0,8630.0,21868.0,8750.0,3293.0,49458.0,43085.0,0.6026,0.2073,0.0087,0.216,0.0291,0.002,Western Carolina University,NC,www.wcu.edu/,1,0.5075548334687247
10004,10472.0,14522.0,19442.0,7500.0,5645.0,44859.0,38704.0,0.5321,0.124,0.0356,0.3242,0.0237,0.0342,East Tennessee State University,TN,https://www.etsu.edu/,1,0.5023253410500207
9981,10951.0,15570.0,22057.0,11332.0,4686.0,63552.0,54588.0,0.6048,0.1236,0.0159,0.1587,0.024,0.0466,University of North Dakota,ND,https://und.edu/,1,0.40406316406536236
9912,10026.0,22326.0,20500.0,9250.0,3783.0,50296.0,43157.0,0.4281,0.1197,0.0384,0.0529,0.0056,0.1069,East Texas A&M University,TX,www.tamuc.edu/,1,0.4750098477651366
9809,7583.0,20183.0,16544.0,11000.0,4398.0,71401.0,55546.0,0.4795,0.2451,0.0652,0.1179,0.0761,0.0246,California State University-East Bay,CA,https://www.csueastbay.edu/,1,0.29784322903539406
9805,10176.0,20352.0,25000.0,11000.0,11239.0,42062.0,39392.0,0.503,0.1945,0.0437,0.114,0.0363,0.0619,Troy University,AL,www.troy.edu/,1,0.6346466287571081
9770,12744.0,22104.0,22250.0,8459.0,9475.0,50632.0,44162.0,0.5704,0.1772,0.026,0.2017,0.0189,0.0683,University of Toledo,OH,www.utoledo.edu/,1,0.5038268194375255
9733,5923.0,17741.0,21000.0,9500.0,4205.0,48928.0,44428.0,0.477,0.3165,0.0637,0.1024,0.0773,0.0743,Fort Hays State University,KS,www.fhsu.edu/,1,0.4726748897091924
9657,7490.0,15440.0,14350.0,5500.0,2463.0,53501.0,36931.0,0.3393,0.1749,0.0705,0.0784,0.0636,0.1606,College of Staten Island CUNY,NY,www.csi.cuny.edu/,1,0.38856245430668
9552,8626.0,18536.0,14718.0,7012.0,2212.0,69781.0,55901.0,0.5278,0.1804,0.0899,0.1048,0.0077,0.0853,Farmingdale State College,NY,www.farmingdale.edu/,1,0.26328688216668755
9539,5274.0,5274.0,8250.0,5500.0,1368.0,48992.0,32706.0,0.491,0.0815,0.0145,0.046,0.0283,0.0,University of Puerto Rico-Mayaguez,PR,https://www.uprm.edu/,1,0.25224729407448176
9514,8373.0,20851.0,22113.0,7500.0,4421.0,46482.0,37124.0,0.4541,0.2242,0.0331,0.1696,0.011,0.1295,Southeastern Louisiana University,LA,https://www.southeastern.edu/,1,0.595652408145674
9477,53020.0,53020.0,25000.0,9500.0,5766.0,69571.0,54189.0,0.6609,0.2764,0.0527,0.0527,0.0445,0.0099,St. John's University-New York,NY,www.stjohns.edu/,1,0.46134824410858294
9471,11110.0,15764.0,23199.0,6750.0,5497.0,62203.0,54312.0,0.6389,0.205,0.0363,0.1367,0.0212,0.0019,North Dakota State University-Main Campus,ND,https://www.ndsu.edu/,1,0.42714317277949626
9405,8616.0,18716.0,23188.0,6500.0,4683.0,55356.0,47909.0,0.589,0.3312,0.0313,0.0121,0.0779,0.0872,University of Wisconsin-Whitewater,WI,www.uww.edu/,1,0.48400091840781484
9376,13920.0,13920.0,40621.0,12592.0,37977.0,40092.0,36582.0,0.1429,0.7945,0.1589,0.0,0.0,0.0,Strayer University-Global Region,DC,www.strayer.edu/,1,1.1104094910065059
9330,6360.0,19241.0,16624.0,11466.0,4028.0,49137.0,42204.0,0.588,0.1044,0.0447,0.1813,0.0286,0.1992,University of West Florida,FL,uwf.edu/,1,0.3938963131456734
9277,10070.0,19517.0,22500.0,8000.0,3318.0,60378.0,49626.0,0.7096,0.2661,0.0173,0.0723,0.0515,0.058,University of Wisconsin-La Crosse,WI,www.uwlax.edu/,1,0.45339136742836417
9210,11046.0,22870.0,26000.0,8250.0,4197.0,52416.0,44053.0,0.5448,0.1886,0.0236,0.2149,0.0299,0.0204,Commonwealth University of Pennsylvania,PA,https://www.commonwealthu.edu/,1,0.5901981703856718
9201,68322.0,68322.0,15000.0,9000.0,2041.0,89363.0,76844.0,0.9513,0.0503,0.101,0.0131,0.1487,0.0039,Northwestern University,IL,www.northwestern.edu/,1,0.19520066628494093
9198,9299.0,12809.0,23250.0,8250.0,5469.0,55070.0,49564.0,0.6235,0.0992,0.0052,0.1989,0.031,0.0463,South Dakota State University,SD,https://www.sdstate.edu/,1,0.46909046888870953
9139,12097.0,12097.0,23666.0,8424.0,4424.0,84131.0,65391.0,0.2055,0.1986,0.0,0.0,0.0,0.0,Embry-Riddle Aeronautical University-Worldwide,FL,worldwide.erau.edu/,1,0.3619152482757566
9136,12762.0,12762.0,20834.0,8200.0,9814.0,42810.0,50657.0,,0.1353,0.0093,0.3647,0.0,0.0,Walden University,MN,https://www.waldenu.edu/,1,0.41127583552125074
9110,8090.0,14522.0,20500.0,9500.0,5133.0,42617.0,38944.0,0.554,0.0951,0.0058,0.1679,0.0301,0.3873,Arkansas State University,AR,www.astate.edu/,1,0.5263968775677896
9052,13135.0,20815.0,23250.0,8500.0,13224.0,46600.0,42269.0,0.5186,0.1169,0.0477,0.0971,0.0247,0.1518,University of Akron Main Campus,OH,www.uakron.edu/,1,0.550048498899903
9019,8229.0,19124.0,27250.0,11750.0,3735.0,50698.0,40065.0,0.4087,0.2062,0.0801,0.0545,0.063,0.1036,Morgan State University,MD,https://www.morgan.edu/,1,0.6801447647572695
9019,19974.0,37664.0,21000.0,9750.0,2145.0,84276.0,69591.0,0.7276,0.0585,0.3048,0.0,0.0,0.0052,New Jersey Institute of Technology,NJ,https://www.njit.edu/,1,0.3017631590291848
8973,71845.0,71845.0,21500.0,13275.0,1858.0,102491.0,88535.0,0.961,0.0,0.1722,0.0,0.24,0.0008,Columbia University in the City of New York,NY,www.columbia.edu/,1,0.24284181397187554
8969,12988.0,18510.0,21797.0,8305.0,6998.0,52131.0,44625.0,0.5057,0.2016,0.0413,0.2086,0.0713,0.0028,Cleveland State University,OH,www.csuohio.edu/,1,0.4884481792717087
8895,9642.0,19228.0,20909.0,7830.0,4292.0,58561.0,50011.0,0.6381,0.2372,0.0264,0.1324,0.0507,0.0197,University of Wisconsin-Eau Claire,WI,www.uwec.edu/,1,0.4180880206354602
8879,10116.0,19092.0,24929.0,9500.0,5196.0,49379.0,41307.0,0.5267,0.1046,0.0409,0.3282,0.0202,0.0,University of South Alabama,AL,www.southalabama.edu/,1,0.603505459123151
8877,11299.0,26874.0,27000.0,9500.0,4177.0,45411.0,36350.0,0.432,0.1521,0.0283,0.1514,0.0237,0.0336,Prairie View A & M University,TX,www.pvamu.edu/,1,0.7427785419532325
8818,65025.0,65025.0,19000.0,8000.0,2001.0,99980.0,86210.0,0.9517,0.2482,0.0759,0.0263,0.14,0.0123,University of Notre Dame,IN,www.nd.edu/,1,0.22039206588562812
8767,8640.0,18480.0,19218.0,8250.0,4805.0,56544.0,48773.0,0.4906,0.1065,0.0163,0.3189,0.0288,0.099,Texas Woman's University,TX,www.twu.edu/,1,0.3940294835257212
8750,12922.0,12922.0,20500.0,9250.0,5397.0,56346.0,46384.0,0.5697,0.1985,0.0382,0.1935,0.0251,0.0065,Southern Illinois University Edwardsville,IL,www.siue.edu/,1,0.441962745774405
8728,11128.0,23426.0,23409.0,9000.0,5542.0,49634.0,43144.0,0.5333,0.1921,0.0264,0.1397,0.0193,0.0061,Stephen F Austin State University,TX,https://www.sfasu.edu/,1,0.5425783422955683
8698,11376.0,15576.0,15650.0,5500.0,3991.0,48501.0,43759.0,0.5767,0.1698,0.06,0.0814,0.0407,0.0086,Tennessee Technological University,TN,www.tntech.edu/,1,0.3576407139102813
8697,10149.0,24336.0,20000.0,8597.0,3578.0,54659.0,45766.0,0.4693,0.1731,0.0628,0.1088,0.0689,0.0,University of Colorado Colorado Springs,CO,https://www.uccs.edu/,1,0.43700563737272213
8577,8090.0,20690.0,16600.0,10843.0,3136.0,59009.0,44282.0,0.498,0.1276,0.0247,0.0405,0.0847,0.1513,California State University-Bakersfield,CA,www.csub.edu/,1,0.37487015039971094
8572,5354.0,5354.0,5500.0,5500.0,716.0,35723.0,22417.0,0.5026,0.2213,0.0111,0.0103,0.0862,0.0047,University of Puerto Rico-Rio Piedras,PR,https://www.uprrp.edu/,1,0.24534951153142703
8496,13326.0,36756.0,25000.0,8750.0,4119.0,48653.0,43124.0,0.5494,0.1411,0.0256,0.0522,0.06,0.0267,University of Maine,ME,www.umaine.edu/,1,0.5797235877933401
8494,13334.0,13334.0,21543.0,10500.0,7890.0,53390.0,43087.0,0.6241,0.0836,0.0365,0.1255,0.054,0.0349,Southern Illinois University-Carbondale,IL,https://siu.edu/,1,0.4999883955717502
8385,8246.0,20846.0,13540.0,9000.0,3013.0,63188.0,47793.0,0.5345,0.1682,0.0284,0.0863,0.0944,0.1163,California State University-Stanislaus,CA,https://www.csustan.edu/,1,0.2833050865189463
8372,15623.0,49823.0,16144.0,6750.0,1423.0,64368.0,48475.0,0.6872,0.1085,0.0,0.057,0.0987,0.0,University of California-Merced,CA,ucmerced.edu/,1,0.3330376482723053
8312,10125.0,16866.0,22135.0,11000.0,1950.0,52279.0,44903.0,0.6382,0.1898,0.0461,0.1638,0.0248,0.0018,Louisiana Tech University,LA,https://www.latech.edu/,1,0.49295147317551163
8246,11088.0,21912.0,23000.0,7500.0,6141.0,50220.0,42105.0,0.5224,0.2252,0.0744,0.1913,0.0283,0.0476,Northern Kentucky University,KY,www.nku.edu/,1,0.546253414083838
8179,41228.0,41228.0,26063.0,11000.0,2786.0,61504.0,52336.0,0.6188,0.1534,0.0147,0.1802,0.021,0.0179,California Baptist University,CA,www.calbaptist.edu/,1,0.497993732803424
8150,8905.0,18745.0,21250.0,8750.0,5029.0,49652.0,47077.0,0.3732,0.1641,0.0221,0.1321,0.0258,0.008,Lamar University,TX,www.lamar.edu/,1,0.45138815132655014
8143,9927.0,25124.0,22000.0,8250.0,4837.0,45823.0,39223.0,0.4061,0.1478,0.0246,0.2204,0.0152,0.0567,Colorado Mesa University,CO,www.coloradomesa.edu/,1,0.5608953930092038
8106,14778.0,14778.0,21000.0,9373.0,7461.0,54735.0,47339.0,0.4687,0.1737,0.0306,0.1635,0.0026,0.0366,Ferris State University,MI,www.ferris.edu/,1,0.4436088637275819
8034,9748.0,20794.0,23000.0,8750.0,4049.0,51865.0,42933.0,0.4015,0.2279,0.027,0.1571,0.0103,0.0,Texas A & M University-Corpus Christi,TX,https://www.tamucc.edu/,1,0.535718445018983
7961,11113.0,11473.0,24000.0,9250.0,7316.0,41544.0,37590.0,0.5048,0.1847,0.0399,0.1339,0.035,0.1027,Youngstown State University,OH,https://ysu.edu/,1,0.6384676775738228
7944,7768.0,24178.0,18000.0,6586.0,3586.0,56880.0,48360.0,0.5884,0.1688,0.0196,0.1015,0.0553,0.0221,University of Wyoming,WY,https://www.uwyo.edu/,1,0.37220843672456577
7906,12630.0,12630.0,20000.0,11000.0,4003.0,53844.0,49635.0,0.1982,0.2483,0.2425,0.1524,0.0711,0.0578,Wilmington University,DE,www.wilmu.edu/,1,0.4029414727510829
7877,15356.0,15356.0,25000.0,9500.0,31926.0,63435.0,55620.0,0.3415,0.2862,0.1628,0.0473,0.0742,0.0338,Pennsylvania State University-World Campus,PA,https://www.worldcampus.psu.edu/,1,0.4494786048184106
7868,7750.0,7750.0,13448.0,6750.0,4526.0,26223.0,23727.0,0.314,0.1282,0.0223,0.164,0.0,0.0024,Universidad Ana G. Mendez-Gurabo Campus,PR,uagm.edu/,1,0.5667804610780967
7860,44249.0,44249.0,23666.0,8424.0,4424.0,84131.0,65391.0,0.6655,0.0502,0.0209,0.0,0.0,0.0,Embry-Riddle Aeronautical University-Daytona Beach,FL,daytonabeach.erau.edu/,1,0.3619152482757566
7857,65790.0,65790.0,17500.0,8750.0,1048.0,86182.0,78073.0,0.9426,0.1105,0.1144,0.0058,0.1168,0.0005,Washington University in St Louis,MO,https://washu.edu/,1,0.22414919370332895
7833,9417.0,27526.0,19500.0,9303.0,5271.0,61580.0,49398.0,0.5361,0.183,0.0917,0.0166,0.0747,0.0031,Central Washington University,WA,www.cwu.edu/,1,0.3947528240009717
7829,11808.0,17948.0,24286.0,10760.0,4403.0,57466.0,46673.0,0.5341,0.1476,0.0259,0.0852,0.05,0.0,Bridgewater State University,MA,www.bridgew.edu/,1,0.5203436676451053
7822,13050.0,16550.0,22300.0,10804.0,4213.0,58562.0,49016.0,0.4844,0.2265,0.0978,0.0446,0.111,0.0394,Central Connecticut State University,CT,www.ccsu.edu/,1,0.45495348457646484
7767,68678.0,68678.0,20500.0,10000.0,2103.0,63268.0,50220.0,0.8614,0.2987,0.0074,0.0821,0.1459,0.0025,Tulane University of Louisiana,LA,https://tulane.edu/,1,0.40820390282755875
7762,10523.0,18023.0,20346.0,8315.0,3510.0,45938.0,36670.0,0.5353,0.1902,0.0456,0.1707,0.0476,0.0456,University of Central Arkansas,AR,www.uca.edu/,1,0.5548404690482683
7747,9084.0,28320.0,21982.0,8751.0,4285.0,54670.0,42602.0,0.5728,0.1306,0.0278,0.0205,0.0803,0.1668,University of Idaho,ID,www.uidaho.edu/,1,0.515985165015727
7709,17250.0,36762.0,21500.0,10500.0,16360.0,74479.0,61263.0,0.6375,0.4085,0.0548,0.0,0.0511,0.0,Rutgers University-Newark,NJ,https://www.newark.rutgers.edu/,1,0.35094592168192873
7682,49140.0,49140.0,23250.0,8750.0,2486.0,75537.0,62477.0,0.8018,0.2621,0.023,0.1165,0.0271,0.0031,University of Dayton,OH,https://udayton.edu/,1,0.3721369463962738
7665,53290.0,53290.0,23250.0,8750.0,3587.0,70378.0,52767.0,0.6003,0.1957,0.0629,0.158,0.0611,0.0141,Pace University,NY,www.pace.edu/,1,0.44061629427483084
7660,51170.0,51170.0,23940.0,6639.0,2561.0,78257.0,65241.0,0.8321,0.2095,0.0307,0.1105,0.0856,0.0,Marquette University,WI,www.marquette.edu/,1,0.36694716512622433
7601,61676.0,61676.0,14000.0,11118.0,420.0,101817.0,99572.0,0.9758,0.0207,0.1011,0.0,0.295,0.0109,Harvard University,MA,www.harvard.edu/,1,0.14060177559956613
7585,7648.0,17558.0,18730.0,9500.0,6056.0,54080.0,50167.0,0.4123,0.3252,0.0,0.0726,0.0129,0.0412,Empire State University,NY,www.sunyempire.edu/,1,0.3733530009767377
7583,8610.0,27720.0,20039.0,8250.0,6114.0,45608.0,41377.0,0.3939,0.0909,0.0185,0.2629,0.0431,0.1428,Idaho State University,ID,www.isu.edu/,1,0.48430287357710805
7582,5785.0,17725.0,23548.0,11000.0,5672.0,44349.0,36153.0,0.5335,0.1033,0.0292,0.2365,0.0485,0.0124,Florida Agricultural and Mechanical University,FL,www.famu.edu/,1,0.6513429037700882
7569,68017.0,68017.0,15500.0,8000.0,1600.0,103494.0,83222.0,0.9481,0.176,0.0328,0.0449,0.3558,0.0084,Georgetown University,DC,https://www.georgetown.edu/,1,0.18624882843478888
7569,70662.0,70662.0,15000.0,6500.0,925.0,91885.0,80870.0,0.9585,0.0,0.0924,0.0,0.3759,0.0083,University of Chicago,IL,www.uchicago.edu/,1,0.1854828737479906
7560,9006.0,14766.0,20547.0,10500.0,5330.0,44301.0,38779.0,0.4024,0.0874,0.0282,0.0988,0.0267,0.4177,Austin Peay State University,TN,www.apsu.edu/,1,0.5298486294128265
7554,65910.0,65910.0,12000.0,6500.0,625.0,124080.0,102887.0,0.9192,0.0,0.1866,0.0,0.1571,0.0,Stanford University,CA,www.stanford.edu/,1,0.11663281075354515
7537,16266.0,24524.0,20500.0,8250.0,3649.0,57602.0,48223.0,0.6854,0.1663,0.0474,0.177,0.0235,0.0944,Stockton University,NJ,https://www.stockton.edu/,1,0.42510835078696885
7529,9936.0,21712.0,19691.0,8750.0,5253.0,55177.0,47222.0,0.6792,0.2038,0.0157,0.0519,0.044,0.0309,University of Northern Iowa,IA,https://www.uni.edu/,1,0.4169878446486807
7520,6088.0,17800.0,23970.0,8750.0,5034.0,49587.0,41000.0,0.4349,0.2228,0.0131,0.1549,0.1232,0.0,University of West Georgia,GA,www.westga.edu/,1,0.5846341463414634
7488,8552.0,33671.0,22400.0,11000.0,6684.0,44511.0,35729.0,0.4796,0.1397,0.0816,0.1229,0.0905,0.0821,The University of Montana,MT,www.umt.edu/,1,0.6269417000195919
7478,64984.0,64984.0,20500.0,9500.0,2423.0,70070.0,58080.0,0.8188,0.303,0.046,0.0433,0.0341,0.0,Chapman University,CA,https://www.chapman.edu/,1,0.35296143250688705
7468,52040.0,52040.0,25000.0,11000.0,1489.0,33647.0,26462.0,0.6731,0.0,0.2421,0.0187,0.0,0.0,Berklee College of Music,MA,www.berklee.edu/,1,0.9447509636459829
7451,11436.0,16054.0,23725.0,9750.0,4329.0,47295.0,38474.0,0.5188,0.1092,0.0269,0.1938,0.0868,0.064,Pennsylvania Western University,PA,https://www.pennwest.edu/,1,0.6166502053334719
7440,9736.0,25494.0,17137.0,7500.0,2520.0,57053.0,49355.0,0.5413,0.1422,0.0333,0.3642,0.0132,0.0,The University of Texas at Tyler,TX,https://www.uttyler.edu/,1,0.3472191267348799
7336,14610.0,20130.0,22024.0,7500.0,4476.0,62616.0,52840.0,0.6472,0.1913,0.0616,0.0288,0.0593,0.0,University of Minnesota-Duluth,MN,https://d.umn.edu/,1,0.41680545041635125
7306,9488.0,18508.0,21503.0,6500.0,4034.0,52021.0,43371.0,0.5078,0.1125,0.0293,0.1066,0.0416,0.0423,University of Wisconsin-Stevens Point,WI,https://www.uwsp.edu/,1,0.4957921191579627
7304,66246.0,66246.0,21750.0,15097.0,1383.0,114862.0,105360.0,0.9413,0.1043,0.1663,0.0,0.0375,0.0215,Carnegie Mellon University,PA,www.cmu.edu/,1,0.20643507972665148
7298,64280.0,64280.0,18250.0,7500.0,1693.0,80137.0,74980.0,0.9109,0.2458,0.0359,0.0787,0.1121,0.0015,Emory University,GA,www.emory.edu/,1,0.2433982395305415
7277,67040.0,67040.0,19500.0,7000.0,1313.0,78354.0,65556.0,0.8427,0.276,0.0437,0.0098,0.1264,0.02,Southern Methodist University,TX,https://www.smu.edu/,1,0.2974556104704375
7267,55760.0,55760.0,25000.0,8750.0,3018.0,70783.0,60716.0,0.7953,0.1709,0.0343,0.2732,0.0368,0.0019,Saint Louis University,MO,www.slu.edu/,1,0.4117530799130377
7266,58771.0,58771.0,22750.0,8750.0,2190.0,77370.0,61328.0,0.7549,0.1338,0.0162,0.0313,0.3559,0.0,American University,DC,www.american.edu/,1,0.370956170101748
7266,9162.0,20342.0,23250.0,8760.0,4520.0,46354.0,39561.0,0.5123,0.1567,0.0268,0.2898,0.0235,0.1018,Marshall University,WV,https://www.marshall.edu/,1,0.5877000075832259
7240,38700.0,38700.0,24250.0,7000.0,4015.0,59209.0,58153.0,0.6334,0.0892,0.0197,0.3664,0.0106,0.0126,Nova Southeastern University,FL,www.nova.edu/,1,0.4170034220074631
7226,71412.0,71412.0,11428.0,6500.0,954.0,93487.0,79131.0,0.9569,0.0026,0.1451,0.0,0.2335,0.0,Brown University,RI,www.brown.edu/,1,0.14441874865728982
7212,7738.0,21322.0,20210.0,9500.0,5132.0,51871.0,42313.0,0.2971,0.1177,0.0249,0.2555,0.0229,0.1654,University of Alaska Anchorage,AK,www.uaa.alaska.edu/,1,0.47763098811240046
7208,67498.0,67498.0,14000.0,7811.0,845.0,91565.0,73909.0,0.9354,0.0,0.0911,0.0,0.3305,0.0,Vanderbilt University,TN,www.vanderbilt.edu/,1,0.18942212721048857
7137,42540.0,42540.0,20500.0,12000.0,1762.0,55930.0,42770.0,0.7066,0.0975,0.0137,0.123,0.0161,0.0099,Belmont University,TN,https://www.belmont.edu/,1,0.47930792611643674
7111,12397.0,12397.0,31000.0,7571.0,21898.0,36144.0,27823.0,0.0851,0.645,0.0676,0.0648,0.0,0.0,American InterContinental University System,AZ,https://www.aius.education/,1,1.1141861050210258
7105,19632.0,25752.0,23250.0,11000.0,2032.0,73323.0,62649.0,0.8585,0.1945,0.0195,0.085,0.0554,0.0,The College of New Jersey,NJ,https://www.tcnj.edu/,1,0.3711152612172581
7094,62357.0,62357.0,19500.0,7625.0,1883.0,78349.0,62763.0,0.7887,0.2745,0.0308,0.0,0.1464,0.0077,Loyola Marymount University,CA,https://www.lmu.edu/,1,0.3106926055159887
7087,50404.0,50404.0,25000.0,6250.0,1786.0,75059.0,63925.0,0.7346,0.2749,0.0118,0.2598,0.0328,0.0217,Sacred Heart University,CT,https://www.sacredheart.edu/,1,0.39108330074305825
7061,70704.0,70704.0,16250.0,7125.0,962.0,83214.0,68337.0,0.9351,0.0,0.1079,0.0348,0.2061,0.0,Tufts University,MA,https://www.tufts.edu/,1,0.23779211847169177
7055,25914.0,51038.0,18500.0,8685.0,1232.0,73490.0,62959.0,0.8942,0.1158,0.0558,0.0,0.2028,0.0,William & Mary,VA,https://www.wm.edu/,1,0.29384202417446276
7036,12894.0,23334.0,22189.0,7845.0,3926.0,45235.0,40158.0,0.5472,0.146,0.0267,0.2342,0.017,0.0808,Jacksonville State University,AL,https://www.jsu.edu/,1,0.5525424572936899
6941,9875.0,9875.0,14911.0,5500.0,878.0,45036.0,39046.0,0.5043,0.1773,0.0448,0.1383,0.0019,0.178,University of the Cumberlands,KY,www.ucumberlands.edu/,1,0.3818829073400604
6938,67776.0,67776.0,25874.0,9712.0,2036.0,100423.0,84905.0,0.9186,0.2434,0.0343,0.1,0.112,0.0183,Villanova University,PA,www.villanova.edu/,1,0.30474059242683
6917,9101.0,10996.0,19500.0,7400.0,3188.0,50741.0,44399.0,0.5504,0.2017,0.0105,0.1396,0.0074,0.1076,West Texas A & M University,TX,https://www.wtamu.edu/,1,0.43919908106038424
6877,8532.0,16446.0,21500.0,5500.0,4802.0,55548.0,50140.0,0.4614,0.1797,0.0197,0.1877,0.0425,0.1042,University of Wisconsin-Oshkosh,WI,https://www.uwosh.edu/,1,0.4287993617869964
6844,9173.0,21473.0,29000.0,12000.0,5285.0,38924.0,32986.0,0.2216,0.1843,0.0239,0.1041,0.0258,0.0821,Texas Southern University,TX,www.tsu.edu/,1,0.8791608561207785
6819,7779.0,20379.0,12750.0,6250.0,2165.0,59247.0,48648.0,0.5909,0.1232,0.112,0.0293,0.0467,0.1339,California State University-Monterey Bay,CA,https://csumb.edu/,1,0.262086827824371
6817,12587.0,30227.0,18750.0,9500.0,4738.0,59637.0,50298.0,0.5546,0.1959,0.0659,0.1113,0.0697,0.0697,University of Missouri-Kansas City,MO,https://www.umkc.edu/,1,0.3727782416795897
6788,10568.0,14676.0,25000.0,8595.0,4165.0,53032.0,45398.0,0.6557,0.1261,0.0628,0.1572,0.0466,0.0,Slippery Rock University of Pennsylvania,PA,https://www.sru.edu/,1,0.5506850522049429
6764,11380.0,16297.0,26798.0,9415.0,6954.0,51019.0,42278.0,0.5551,0.18,0.0226,0.1138,0.1132,0.0286,Indiana University of Pennsylvania-Main Campus,PA,www.iup.edu/,1,0.6338521216708454
6762,11522.0,21222.0,22750.0,8750.0,7916.0,49500.0,42229.0,0.4169,0.2099,0.0906,0.1201,0.0467,0.0,Wright State University-Main Campus,OH,https://www.wright.edu/,1,0.5387293092424638
6758,67250.0,67250.0,12975.0,7500.0,438.0,100533.0,81765.0,0.9574,0.0,0.0966,0.0,0.2292,0.0126,Yale University,CT,https://www.yale.edu/,1,0.15868647954503762
6721,30000.0,30000.0,25278.0,7537.0,8143.0,48364.0,41619.0,0.45,0.2709,0.0933,0.0216,0.0261,0.0873,Saint Leo University,FL,www.saintleo.edu/,1,0.6073668276508325
6707,6838.0,8856.0,12500.0,6458.0,3431.0,69331.0,65570.0,,0.1501,0.0054,0.0999,0.0467,0.2536,Thomas Edison State University,NJ,www.tesu.edu/,1,0.19063596156779014
6688,9900.0,19836.0,20500.0,8250.0,3649.0,44737.0,38473.0,0.6132,0.1641,0.0412,0.1135,0.0243,0.0767,Murray State University,KY,www.murraystate.edu/,1,0.5328412133184312
6667,7894.0,19454.0,15000.0,6000.0,2307.0,48386.0,37327.0,0.4647,0.1777,0.0,0.1373,0.0352,0.0,Texas A & M International University,TX,www.tamiu.edu/,1,0.40185388592707694
6656,8208.0,8208.0,24250.0,6250.0,8082.0,59986.0,51329.0,0.3495,0.2962,0.0313,0.1686,0.0,0.099,Indiana Wesleyan University-National & Global,IN,https://www.indwes.edu/,1,0.4724424789105574
6622,6124.0,17836.0,24779.0,9500.0,5346.0,49361.0,39416.0,0.4236,0.2386,0.0359,0.1793,0.0297,0.0814,Valdosta State University,GA,www.valdosta.edu/,1,0.6286533387456871
6614,15704.0,25344.0,22334.0,9500.0,5048.0,57780.0,44928.0,0.4396,0.1804,0.0342,0.2687,0.0526,0.0323,William Paterson University of New Jersey,NJ,www.wpunj.edu/,1,0.49710648148148145
6599,9654.0,23255.0,18401.0,9500.0,,54338.0,43479.0,0.4017,0.2674,0.0176,0.0,0.1289,0.044,Texas A&M University-San Antonio,TX,www.tamusa.edu/,1,0.42321580533130937
6591,12132.0,26408.0,20705.0,10185.0,2381.0,61767.0,55610.0,0.6429,0.1774,0.0752,0.1043,0.0156,0.0,University of Alabama in Huntsville,AL,www.uah.edu/,1,0.37232512138104656
6574,5038.0,16390.0,19000.0,7851.0,2586.0,40863.0,39624.0,0.2533,0.1253,0.1082,0.2335,0.0049,0.0627,Middle Georgia State University,GA,https://www.mga.edu/,1,0.4795073692711488
6563,9000.0,9000.0,25000.0,7125.0,2010.0,76813.0,65131.0,,0.5513,0.3091,0.0561,0.0016,0.0,Colorado State University Global,CO,https://csuglobal.edu/,1,0.3838417957654573
6563,58694.0,58694.0,22266.0,8750.0,2294.0,52901.0,38210.0,0.6937,0.018,0.0959,0.0,0.024,0.0372,The New School,NY,https://www.newschool.edu/,1,0.582727034807642
6556,14277.0,19773.0,21474.0,7327.0,4459.0,47107.0,37996.0,0.5214,0.1215,0.0154,0.1315,0.0461,0.0654,Northern Michigan University,MI,https://www.nmu.edu/,1,0.5651647541846511
6552,61293.0,61293.0,19162.0,6500.0,1207.0,109183.0,91198.0,0.8792,0.2702,0.0689,0.024,0.107,0.0022,Santa Clara University,CA,www.scu.edu/,1,0.2101142568915985
6531,55480.0,55480.0,26000.0,12000.0,2356.0,83759.0,65744.0,0.757,0.2011,0.0263,0.3687,0.0388,0.003,Quinnipiac University,CT,www.qu.edu/,1,0.39547335118033583
6488,57660.0,57660.0,23621.0,8250.0,3214.0,69039.0,52131.0,0.6854,0.1936,0.0428,0.1442,0.0717,0.0041,Hofstra University,NY,www.hofstra.edu/,1,0.4531085150869924
6483,12640.0,12640.0,25000.0,3935.0,349.0,37852.0,31698.0,0.2867,0.0,0.0,0.0031,0.0311,0.0,Unity Environmental University,ME,https://unity.edu/,1,0.7886932929522368
6452,46958.0,46958.0,20500.0,6500.0,1127.0,74545.0,58082.0,0.8404,0.2928,0.0292,0.0326,0.0584,0.002,Elon University,NC,https://www.elon.edu/,1,0.3529492786061086
6442,68758.0,68758.0,13000.0,5500.0,1241.0,97800.0,85792.0,0.9678,0.0,0.1288,0.0968,0.1325,0.0,Duke University,NC,www.duke.edu/,1,0.15152928011935846
6437,66608.0,66608.0,24000.0,10000.0,1289.0,87989.0,75613.0,0.8717,0.0804,0.0915,0.0568,0.0828,0.0008,Case Western Reserve University,OH,www.case.edu/,1,0.31740573710869824
6433,18145.0,18145.0,26123.0,9500.0,26531.0,34421.0,34115.0,0.0689,0.1628,0.0538,0.6144,0.0,0.0,South University-Savannah Online,GA,www.southuniversity.edu/online#location=Online Programs,1,0.7657335482925399
6373,9903.0,9903.0,21500.0,8250.0,4393.0,44030.0,38150.0,0.5793,0.1513,0.0565,0.0936,0.0249,0.0705,Southeast Missouri State University,MO,https://www.semo.edu/,1,0.563564875491481
6341,8700.0,17288.0,18500.0,6250.0,3082.0,52528.0,46546.0,0.4822,0.188,0.031,0.0782,0.0174,0.2565,University of Wisconsin-Green Bay,WI,www.uwgb.edu/,1,0.397456279809221
6331,67080.0,67080.0,21000.0,8500.0,1843.0,79042.0,68333.0,0.8543,0.096,0.0619,0.0983,0.0898,0.0011,University of Rochester,NY,https://www.rochester.edu/,1,0.30731857228571846
6295,13438.0,27378.0,22250.0,8710.0,4388.0,55043.0,45422.0,0.4993,0.1321,0.0319,0.2179,0.0576,0.0889,Southern Connecticut State University,CT,www.southernct.edu/,1,0.48985073312491745
6245,54398.0,54398.0,23250.0,8250.0,2243.0,73739.0,62412.0,0.7638,0.4126,0.0509,0.0121,0.0589,0.0368,University of St Thomas,MN,www.stthomas.edu/,1,0.37252451451643914
6222,8586.0,25959.0,19500.0,9653.0,5065.0,57897.0,46469.0,0.4349,0.1496,0.0655,0.072,0.0815,0.0005,Eastern Washington University,WA,www.ewu.edu/,1,0.41963459510641504
6188,10258.0,22322.0,24000.0,8763.0,4805.0,48387.0,41047.0,0.4288,0.217,0.0229,0.1752,0.0797,0.0359,Indiana State University,IN,https://indianastate.edu/,1,0.5846955928569688
6180,11314.0,16068.0,26000.0,9500.0,4891.0,53775.0,43309.0,0.5382,0.164,0.0443,0.0,0.0428,0.0087,Kutztown University of Pennsylvania,PA,https://www.kutztown.edu/,1,0.6003371123784894
6155,21914.0,45824.0,23000.0,8750.0,1196.0,97335.0,82950.0,0.8171,0.0,0.2248,0.0,0.0033,0.0,Colorado School of Mines,CO,www.mines.edu/,1,0.27727546714888485
6124,10024.0,18634.0,31000.0,10500.0,2773.0,40628.0,27851.0,0.2403,0.1678,0.0424,0.0,0.022,0.0661,Alabama A & M University,AL,www.aamu.edu/,1,1.1130659581343578
6086,8572.0,18822.0,18750.0,11750.0,2658.0,58073.0,45555.0,0.716,0.1229,0.0371,0.0391,0.1016,0.0275,State University of New York at New Paltz,NY,www.newpaltz.edu/,1,0.4115903852486006
6081,6699.0,19735.0,28250.0,12000.0,3661.0,42968.0,35967.0,0.4165,0.1387,0.0249,0.0661,0.1679,0.0271,North Carolina Central University,NC,https://www.nccu.edu/,1,0.7854422109155614
6078,7770.0,21114.0,17831.0,9582.0,2004.0,59004.0,52098.0,0.5163,0.2259,0.0624,0.056,0.0483,0.0103,University of Houston-Clear Lake,TX,www.uhcl.edu/,1,0.3422588199163116
6057,11084.0,22174.0,21000.0,6706.0,2988.0,61515.0,51926.0,0.6815,0.1743,0.0568,0.1068,0.0378,0.0304,Salisbury University,MD,https://www.salisbury.edu/,1,0.4044216770018873
6038,12548.0,25633.0,24000.0,9500.0,3590.0,53739.0,44830.0,0.4866,0.1227,0.0325,0.3215,0.0458,0.0,Radford University,VA,https://www.radford.edu/,1,0.5353557885344635
6036,53170.0,53170.0,22750.0,8250.0,2279.0,70196.0,60291.0,0.6949,0.2263,0.0126,0.1039,0.1215,0.057,Seton Hall University,NJ,https://www.shu.edu/,1,0.37733658423313593
6025,61398.0,61398.0,21844.0,7835.0,1485.0,71155.0,57118.0,0.756,0.3162,0.0584,0.0008,0.1581,0.0,University of Denver,CO,www.du.edu/,1,0.3824363598165202
5989,12930.0,30450.0,25000.0,10500.0,4498.0,51955.0,43530.0,0.4825,0.1669,0.043,0.2256,0.0165,0.024,Saginaw Valley State University,MI,www.svsu.edu/,1,0.5743165632896853
5986,,,25250.0,5846.0,69.0,27126.0,63412.0,0.2063,0.0,0.0,1.0,0.0,0.0,Nightingale College,UT,www.nightingale.edu/,1,0.39818961710717216
5956,5656.0,17008.0,25024.0,9000.0,2733.0,40674.0,35579.0,0.3105,0.088,0.0137,0.2446,0.0202,0.2914,Albany State University,GA,https://www.asurams.edu/,1,0.7033362376682875
5955,19123.0,42988.0,24990.0,8750.0,2173.0,78198.0,69672.0,0.6806,0.0712,0.1036,0.0198,0.0135,0.0072,Michigan Technological University,MI,https://www.mtu.edu/,1,0.35868067516362384
5952,15640.0,32896.0,22500.0,11000.0,3160.0,59649.0,50389.0,0.5798,0.156,0.1343,0.061,0.0835,0.0094,University of Michigan-Dearborn,MI,https://umdearborn.edu/,1,0.4465260275060033
5947,9186.0,29512.0,22250.0,8750.0,1912.0,58140.0,50644.0,0.6361,0.2664,0.0683,0.1734,0.0299,0.0034,Georgia College & State University,GA,www.gcsu.edu/,1,0.43934128425874736
5901,8874.0,18784.0,21500.0,8457.0,3169.0,60236.0,46535.0,0.6803,0.0648,0.0,0.0592,0.0789,0.0289,State University of New York at Cortland,NY,www2.cortland.edu/,1,0.4620178360373912
5898,64980.0,64980.0,21960.0,8289.0,1265.0,105584.0,88810.0,0.8791,0.2727,0.1176,0.0368,0.0469,0.0,Lehigh University,PA,www.lehigh.edu/,1,0.24726945163832903
5842,10701.0,19265.0,23000.0,8250.0,3920.0,58084.0,50251.0,0.5486,0.2246,0.1204,0.0225,0.0272,0.0,University of Wisconsin-Stout,WI,www.uwstout.edu/,1,0.4577023342819048
5837,8644.0,17603.0,21977.0,6115.0,3360.0,61760.0,54825.0,0.5576,0.1576,0.0264,0.0,0.0124,0.052,University of Wisconsin-Platteville,WI,https://www.uwplatt.edu/,1,0.40085727314181485
5811,12120.0,22320.0,22077.0,8652.0,2489.0,45415.0,38295.0,0.5491,0.2311,0.0349,0.1745,0.0472,0.0,University of North Alabama,AL,https://www.una.edu/,1,0.5764982373678026
5784,8752.0,15822.0,20000.0,8750.0,4008.0,54496.0,47164.0,0.5513,0.1087,0.037,0.2055,0.0331,0.0016,SUNY Brockport,NY,https://www.brockport.edu/,1,0.4240522432363667
5762,4353.0,8353.0,22987.0,10596.0,3144.0,40144.0,37831.0,0.3846,0.2084,0.0258,0.1799,0.057,0.0828,Fayetteville State University,NC,https://www.uncfsu.edu/,1,0.6076233776532474
5735,22880.0,22880.0,19637.0,9500.0,4226.0,52055.0,44969.0,0.4571,0.1397,0.0355,0.3725,0.0584,0.0213,Mercy University,NY,https://www.mercy.edu/,1,0.43667860081389404
5728,11128.0,22952.0,23507.0,9500.0,4056.0,55246.0,44813.0,0.5763,0.094,0.0423,0.1148,0.0785,0.0,Millersville University of Pennsylvania,PA,www.millersville.edu/,1,0.5245576060518153
5714,64081.0,64081.0,23750.0,10313.0,1899.0,102051.0,83054.0,0.8362,0.0593,0.2085,0.0112,0.0064,0.0,Rensselaer Polytechnic Institute,NY,www.rpi.edu/,1,0.2859585330026248
5709,62688.0,62688.0,10320.0,7250.0,147.0,110066.0,87815.0,0.9761,0.0,0.1609,0.0,0.1949,0.0,Princeton University,NJ,www.princeton.edu/,1,0.11751978591356829
5693,65230.0,65230.0,10250.0,5750.0,1784.0,87555.0,86306.0,0.9378,0.0,0.1027,0.0804,0.0945,0.0,Johns Hopkins University,MD,www.jhu.edu/,1,0.11876346951544504
5671,8675.0,16094.0,21229.0,9002.0,3518.0,48318.0,48439.0,0.4291,0.1581,0.0672,0.3079,0.0131,0.027,Purdue University Northwest,IN,www.pnw.edu/,1,0.43826255703049194
5671,59486.0,59486.0,22940.0,9721.0,1561.0,86522.0,64995.0,0.8367,0.3884,0.0411,0.0,0.1078,0.0116,University of San Diego,CA,www.sandiego.edu/,1,0.3529502269405339
5658,27166.0,27166.0,22000.0,7000.0,1613.0,62105.0,55047.0,0.6622,0.1583,0.0385,0.2583,0.0368,0.0077,Maryville University of Saint Louis,MO,https://www.maryville.edu/,1,0.3996584736679565
5648,10050.0,18600.0,21000.0,9285.0,4925.0,49560.0,41593.0,0.5408,0.1139,0.0821,0.087,0.0245,0.0514,University of Central Missouri,MO,https://www.ucmo.edu/,1,0.5048926502055634
5643,8460.0,18300.0,20000.0,7874.0,3076.0,50116.0,41050.0,0.4397,0.1668,0.0765,0.0868,0.0413,0.0,Angelo State University,TX,www.angelo.edu/,1,0.48721071863581
5632,7050.0,14650.0,19000.0,7173.0,882.0,42205.0,37284.0,0.3422,0.2024,0.0165,0.264,0.0,0.1518,Louisiana State University-Alexandria,LA,www.lsua.edu/,1,0.5096019740371205
5625,5898.0,17610.0,26000.0,9250.0,3632.0,44544.0,39190.0,0.4176,0.1036,0.1027,0.1541,0.0394,0.0214,Columbus State University,GA,www.columbusstate.edu/,1,0.6634345496300077
5616,9840.0,9840.0,17100.0,10664.0,4483.0,64705.0,54828.0,0.4357,0.2542,0.1647,0.0922,0.0197,0.0041,Metropolitan State University,MN,www.metrostate.edu/,1,0.3118844386080105
5613,8414.0,24734.0,20500.0,8000.0,735.0,48472.0,45037.0,0.4881,0.1149,0.1176,0.2543,0.0283,0.0,Augusta University,GA,www.augusta.edu/,1,0.45518129537935476
5612,8250.0,20850.0,18000.0,11000.0,3131.0,47626.0,37382.0,0.4855,0.059,0.0295,0.0121,0.0863,0.0288,California State Polytechnic University-Humboldt,CA,www.humboldt.edu/,1,0.4815151677277834
5598,12416.0,27266.0,20470.0,6500.0,4675.0,52231.0,43756.0,0.5124,0.1019,0.0,0.1373,0.0438,0.0522,University of Northern Colorado,CO,https://www.unco.edu/,1,0.467821555900905
5562,9577.0,9577.0,20836.0,10874.0,5382.0,51892.0,49189.0,0.1111,0.5687,0.0823,0.0723,0.087,0.0,Franklin University,OH,www.franklin.edu/,1,0.42359064018378095
5549,41342.0,41342.0,28312.0,9500.0,2341.0,50416.0,41623.0,0.6441,0.188,0.0161,0.1312,0.0059,0.055,Colorado Christian University,CO,https://www.ccu.edu/,1,0.6802008504913148
5521,14984.0,33248.0,23250.0,9500.0,2051.0,82957.0,69295.0,0.6437,0.0329,0.1298,0.0,0.004,0.0,Missouri University of Science and Technology,MO,https://www.mst.edu/,1,0.33552204343747744
5520,42432.0,42432.0,23577.0,9500.0,5421.0,59950.0,47543.0,0.5707,0.122,0.0194,0.5262,0.0136,0.0022,Long Island University,NY,www.liu.edu/,1,0.49590896661969164
5519,8864.0,19652.0,25000.0,9713.0,3306.0,47021.0,39485.0,0.432,0.0918,0.0138,0.3369,0.0,0.2175,Northwestern State University of Louisiana,LA,https://www.nsula.edu/,1,0.6331518298087881
5519,9922.0,17272.0,29251.0,9500.0,3264.0,43371.0,33033.0,0.2709,0.1429,0.0265,0.2328,0.0516,0.0,Southern University and A & M College,LA,www.subr.edu/,1,0.8855084309629764
5485,67642.0,67642.0,21500.0,8250.0,913.0,78158.0,67722.0,0.8915,0.2236,0.0299,0.0,0.2117,0.0,Wake Forest University,NC,www.wfu.edu/,1,0.3174743805558017
5484,9532.0,22887.0,21500.0,5746.0,6179.0,45872.0,42873.0,0.3627,0.207,0.0498,0.0201,0.0384,0.0786,Purdue University Fort Wayne,IN,www.pfw.edu/,1,0.5014811186527651
5473,8825.0,18735.0,20880.0,8452.0,4053.0,57566.0,46358.0,0.6036,0.2336,0.0324,0.0429,0.0303,0.0077,State University of New York at Oswego,NY,https://www.oswego.edu/,1,0.4504076966219423
5472,,,25250.0,9500.0,2563.0,31632.0,24375.0,0.4129,0.0,0.0,0.0,0.0,0.0,Los Angeles Film School,CA,www.lafilm.edu/,1,1.035897435897436
5457,12919.0,43155.0,14615.0,8413.0,10786.0,78466.0,62979.0,0.6532,0.2307,0.1936,0.1348,0.0262,0.0134,University of Washington-Bothell Campus,WA,https://www.uwb.edu/,1,0.232061480811064
5447,60965.0,60965.0,27000.0,12000.0,1309.0,103470.0,85038.0,0.8971,0.0085,0.2026,0.0,0.0017,0.0009,Worcester Polytechnic Institute,MA,https://www.wpi.edu/,1,0.31750511536019194
5439,9432.0,12942.0,23592.0,8782.0,3715.0,51926.0,46290.0,0.5991,0.2009,0.0078,0.2809,0.0391,0.0522,University of South Dakota,SD,https://www.usd.edu/,1,0.5096565132858069
5392,10180.0,21682.0,29000.0,12500.0,3893.0,44666.0,33412.0,0.385,0.1468,0.041,0.0958,0.0896,0.0,Norfolk State University,VA,www.nsu.edu/,1,0.8679516341434216
5373,58350.0,58350.0,26000.0,6500.0,1159.0,88794.0,73693.0,0.843,0.4564,0.0246,0.1856,0.0502,0.0047,Fairfield University,CT,fairfield.edu/,1,0.3528150570610506
5368,34088.0,34088.0,25000.0,8235.0,6265.0,42195.0,32596.0,0.5155,0.0256,0.0062,0.0,0.0,0.0016,Columbia College Chicago,IL,www.colum.edu/,1,0.7669652718124923
5350,48986.0,48986.0,26244.0,8250.0,2652.0,74742.0,62627.0,0.7749,0.1345,0.0376,0.3931,0.0408,0.0016,Duquesne University,PA,www.duq.edu/,1,0.41905248534976924
5330,3648.0,7648.0,25000.0,9500.0,2986.0,43407.0,37126.0,0.4354,0.1404,0.0357,0.0615,0.0972,0.0,University of North Carolina at Pembroke,NC,https://www.uncp.edu/,1,0.6733825351505683
5287,60492.0,60492.0,23000.0,7625.0,2162.0,89812.0,69951.0,0.7006,0.2093,0.0533,0.1963,0.1043,0.0,University of San Francisco,CA,https://www.usfca.edu/,1,0.32880158968420753
5276,49110.0,49110.0,25000.0,8750.0,2448.0,75482.0,63688.0,0.6715,0.111,0.0391,0.3028,0.0577,0.0284,Adelphi University,NY,www.adelphi.edu/,1,0.3925386258007788
5221,15612.0,32567.0,25000.0,8750.0,3827.0,68804.0,51475.0,0.5207,0.2829,0.0426,0.1906,0.0853,0.0087,University of Massachusetts-Dartmouth,MA,www.umassd.edu/,1,0.48567265662943176
5198,55480.0,55480.0,24454.0,8750.0,1731.0,78892.0,66525.0,0.8629,0.2716,0.0511,0.0785,0.0855,0.0,Gonzaga University,WA,https://www.gonzaga.edu/,1,0.3675911311537016
5182,47750.0,47750.0,25000.0,8000.0,2014.0,77819.0,62546.0,0.796,0.2805,0.0757,0.0205,0.0365,0.0,Marist University,NY,www.marist.edu/,1,0.39970581651904197
5166,8624.0,21224.0,16705.0,9000.0,2600.0,65986.0,52179.0,0.5759,0.1996,0.0285,0.0368,0.0939,0.0606,Sonoma State University,CA,https://sonoma.edu/,1,0.32014795224132314
5144,10576.0,17308.0,21500.0,8000.0,3828.0,58532.0,51288.0,0.5694,0.1461,0.0414,0.193,0.0172,0.0258,Winona State University,MN,www.winona.edu/,1,0.4192013726407737
5129,45312.0,45312.0,24575.0,13000.0,1331.0,61389.0,50955.0,0.737,0.4049,0.0343,0.002,0.0343,0.0,High Point University,NC,www.highpoint.edu/,1,0.48228829359238545
5097,8533.0,19653.0,21028.0,6923.0,5322.0,52334.0,40877.0,0.3331,0.134,0.0501,0.0529,0.0638,0.0757,SUNY Buffalo State University,NY,https://suny.buffalostate.edu/,1,0.5144213127186438
5088,10245.0,10245.0,21058.0,8750.0,6492.0,55813.0,47215.0,0.4032,0.1888,0.0674,0.093,0.0248,0.0667,Saint Cloud State University,MN,https://www.stcloudstate.edu/,1,0.4460023297680822
5074,10043.0,22650.0,26500.0,9585.0,3661.0,45543.0,33630.0,0.3944,0.1848,0.0379,0.0032,0.0711,0.0,Virginia State University,VA,www.vsu.edu/,1,0.7879869164436515
5049,11300.0,27299.0,20500.0,7879.0,3308.0,56318.0,46882.0,0.4813,0.191,0.0356,0.2331,0.0338,0.0018,Rhode Island College,RI,www.ric.edu/,1,0.4372680346401604
5043,9218.0,19938.0,22985.0,11250.0,2352.0,54537.0,43877.0,0.382,0.1638,0.1268,0.0304,0.0449,0.0,Bowie State University,MD,www.bowiestate.edu/,1,0.5238507646375093
5024,14112.0,35112.0,20000.0,11000.0,5339.0,53037.0,47564.0,0.5664,0.2248,0.0891,0.0864,0.0987,0.0274,University of Missouri-St Louis,MO,https://www.umsl.edu/,1,0.42048608191068876
5022,9190.0,21290.0,21500.0,8062.0,2197.0,46769.0,40430.0,0.542,0.1349,0.0237,0.2881,0.0164,0.0729,University of Louisiana at Monroe,LA,www.ulm.edu/,1,0.5317833292109819
5013,7159.0,19759.0,15000.0,8915.0,1649.0,62152.0,46785.0,0.5132,0.1624,0.0361,0.1449,0.0956,0.0541,California State University-Channel Islands,CA,www.csuci.edu/,1,0.3206155819172812
5005,8489.0,9989.0,23000.0,8250.0,2496.0,46453.0,38713.0,0.4704,0.1638,0.02,0.1971,0.0295,0.1714,McNeese State University,LA,www.mcneese.edu/,1,0.5941156717381758
4950,25826.0,25826.0,23879.0,11000.0,12424.0,45378.0,40747.0,0.4219,0.3039,0.0517,0.0982,0.0079,0.294,Columbia College,MO,https://www.ccis.edu/,1,0.5860308734385353
4949,9748.0,22158.0,22000.0,11220.0,4426.0,45265.0,40040.0,0.4165,0.1263,0.0383,0.2489,0.0383,0.112,University of Arkansas at Little Rock,AR,ualr.edu/www/,1,0.5494505494505495
4948,53260.0,53260.0,25500.0,8750.0,1931.0,86881.0,66438.0,0.7884,0.4098,0.0179,0.2011,0.0472,0.0066,Saint Joseph's University - Philadelphia,PA,https://www.sju.edu/,1,0.38381649056262984
4898,16777.0,27708.0,21000.0,9250.0,2487.0,67541.0,53872.0,0.6981,0.2555,0.0594,0.1091,0.0914,0.0009,Ramapo College of New Jersey,NJ,www.ramapo.edu/,1,0.3898128898128898
4866,10560.0,16600.0,21024.0,8250.0,3197.0,44213.0,38863.0,0.5254,0.1556,0.0161,0.0462,0.0181,0.0,The University of Tennessee-Martin,TN,https://www.utm.edu/,1,0.5409772791601266
4848,8616.0,22416.0,27000.0,9500.0,4981.0,42730.0,34160.0,0.3399,0.1819,0.0315,0.2011,0.0506,0.0164,Tennessee State University,TN,www.tnstate.edu/,1,0.7903981264637002
4841,47332.0,47332.0,27000.0,8750.0,2422.0,60126.0,49829.0,0.6307,0.1182,0.0291,0.1209,0.0145,0.01,University of New Haven,CT,www.newhaven.edu/,1,0.5418531377310402
4814,11536.0,19502.0,24218.0,9500.0,3313.0,56148.0,44290.0,0.4312,0.1355,0.0353,0.1784,0.0315,0.0,East Stroudsburg University of Pennsylvania,PA,https://www.esu.edu/,1,0.546805147888914
4813,32950.0,32950.0,21500.0,8250.0,1437.0,46744.0,36314.0,0.4255,0.1563,0.0,0.0427,0.006,0.1016,Southeastern University,FL,https://www.seu.edu/,1,0.592058159387564
4801,,,24166.0,9500.0,3840.0,61480.0,58951.0,0.6146,0.0,0.0,1.0,0.0,0.0,Galen College of Nursing-Louisville,KY,www.galencollege.edu/louisville,1,0.40993367372902917
4776,64144.0,64144.0,11000.0,5784.0,413.0,89718.0,79751.0,0.9464,0.0496,0.1525,0.0243,0.0823,0.0,Rice University,TX,www.rice.edu/,1,0.13792930496169328
4772,7810.0,17290.0,17367.0,8250.0,3685.0,45379.0,41207.0,0.3536,0.1735,0.039,0.1206,0.0061,0.0746,Northeastern State University,OK,https://www.nsuok.edu/,1,0.4214575193535079
4763,13575.0,13575.0,12188.0,5250.0,,,,,0.213,0.0067,0.3544,0.0116,0.0,Ana G. Mendez University,FL,www.agmu.edu/,1,
4748,9892.0,25746.0,22934.0,8254.0,4655.0,51450.0,44882.0,0.4187,0.0833,0.0274,0.0285,0.0362,0.1447,Texas A&M University-Kingsville,TX,https://www.tamuk.edu/,1,0.510984358985785
4737,8149.0,9242.0,22675.0,8250.0,2222.0,45454.0,38829.0,0.538,0.1779,0.0,0.2551,0.0235,0.0792,Nicholls State University,LA,www.nicholls.edu/,1,0.5839707435164438
4729,21650.0,21650.0,24534.0,9500.0,1295.0,44498.0,42066.0,0.5692,0.2025,0.0424,0.0246,0.015,0.0164,Regent University,VA,https://www.regent.edu/,1,0.5832263585793752
4643,8831.0,19781.0,19812.0,6103.0,2566.0,60386.0,49723.0,0.6881,0.1228,0.0124,0.0108,0.049,0.0,SUNY Oneonta,NY,https://suny.oneonta.edu/,1,0.3984473985881785
4638,9172.0,14008.0,18750.0,8206.0,2429.0,47872.0,38410.0,0.3799,0.2433,0.052,0.0101,0.0456,0.0,University of New Orleans,LA,new.uno.edu/,1,0.4881541265295496
4627,3876.0,16579.0,15000.0,9000.0,7773.0,71588.0,56398.0,0.8468,0.2111,0.0759,0.1109,0.0944,0.0107,University of Florida-Online,FL,https://www.ufonline.ufl.edu/,1,0.2659668782580943
4624,21600.0,21600.0,26000.0,12500.0,4400.0,53278.0,45711.0,0.4933,0.2906,0.1167,0.0469,0.0375,0.0,Lindenwood University,MO,https://www.lindenwood.edu/,1,0.5687908818446326
4600,8965.0,11965.0,30470.0,14625.0,4123.0,39060.0,30530.0,0.5091,0.1344,0.0303,0.086,0.0303,0.0194,Jackson State University,MS,https://www.jsums.edu/,1,0.9980347199475925
4578,10024.0,14980.0,22250.0,8250.0,3630.0,43197.0,37131.0,0.5219,0.1255,0.0153,0.1579,0.046,0.1426,Morehead State University,KY,https://www.moreheadstate.edu/,1,0.5992297541138133
4562,9945.0,20949.0,18127.0,9500.0,3597.0,49774.0,42881.0,0.5296,0.0998,0.0214,0.3422,0.0305,0.1018,Washburn University,KS,www.washburn.edu/,1,0.4227280147384623
4555,17500.0,17500.0,21685.0,8545.0,4504.0,56309.0,50550.0,0.3843,0.4352,0.095,0.0376,0.0241,0.0021,Park University,MO,www.park.edu/,1,0.42898120672601386
4553,3336.0,10656.0,12937.0,6139.0,1817.0,40251.0,37491.0,0.2531,0.2147,0.0202,0.2752,0.0,0.1305,Dalton State College,GA,https://www.daltonstate.edu/,1,0.3450694833426689
4541,68268.0,68268.0,17500.0,7537.0,576.0,97434.0,82541.0,0.9554,0.0,0.0819,0.0,0.2768,0.0,Dartmouth College,NH,https://dartmouth.edu/,1,0.2120158466701397
4540,7750.0,7750.0,14250.0,7250.0,4275.0,24490.0,21596.0,0.3085,0.2205,0.028,0.4247,0.0,0.0,Universidad Ana G. Mendez-Cupey Campus,PR,uagm.edu/,1,0.6598444156325245
4535,62396.0,62396.0,14768.0,6490.0,587.0,143372.0,131633.0,0.9641,0.0136,0.3112,0.0,0.0091,0.0055,Massachusetts Institute of Technology,MA,web.mit.edu/,1,0.11219071205548761
4500,42312.0,42312.0,24199.0,9750.0,2530.0,58354.0,50231.0,0.6962,0.179,0.0298,0.2123,0.0392,0.0085,Mercer University,GA,https://www.mercer.edu/,1,0.4817542951563775
4491,12540.0,12540.0,24276.0,12500.0,3127.0,65703.0,55438.0,0.4286,0.3157,0.0269,0.0453,0.014,0.2349,University of Massachusetts Global,CA,https://www.umassglobal.edu/,1,0.4378945849417367
4474,61000.0,61000.0,25023.0,11250.0,1311.0,120959.0,86679.0,0.8679,0.9168,0.0508,0.0032,0.014,0.0,Bentley University,MA,www.bentley.edu/,1,0.2886858408611082
4474,,,,,,,,0.9294,0.0,0.0417,0.0,0.1888,0.0057,United States Naval Academy,MD,www.usna.edu/,1,
4468,7750.0,7750.0,14500.0,6750.0,4699.0,24328.0,21125.0,0.3426,0.1794,0.1111,0.245,0.0,0.0,Universidad Ana G. Mendez-Carolina Campus,PR,uagm.edu/,1,0.6863905325443787
4442,6410.0,6410.0,16250.0,5500.0,1977.0,31754.0,27544.0,0.5207,0.1402,0.0071,0.3074,0.0028,0.0028,Universidad del Sagrado Corazon,PR,www.sagrado.edu/,1,0.5899651466744118
4440,37090.0,37090.0,27000.0,10512.0,3160.0,56733.0,47625.0,0.5098,0.2785,0.0099,0.2547,0.0119,0.0059,University of the Incarnate Word,TX,www.uiw.edu/,1,0.5669291338582677
4411,14704.0,28320.0,25000.0,10750.0,3648.0,53230.0,45453.0,0.4031,0.1424,0.0543,0.3443,0.0338,0.001,University of Michigan-Flint,MI,www.umflint.edu/,1,0.5500187006358216
4410,15264.0,15264.0,25251.0,12000.0,5707.0,54163.0,43057.0,0.4522,0.1259,0.0333,0.0567,0.0414,0.1214,Western Illinois University,IL,www.wiu.edu/,1,0.5864551640848178
4408,,,,,,,,0.8706,0.0401,0.0513,0.0,0.2239,0.0,United States Military Academy,NY,www.westpoint.edu/,1,
4406,12705.0,12705.0,19750.0,8954.0,1659.0,45799.0,43562.0,0.3014,0.1273,0.0519,0.1087,0.048,0.0,National Louis University,IL,www.nl.edu/,1,0.4533767962903448
4398,10670.0,20634.0,26000.0,9500.0,2080.0,49307.0,37503.0,0.391,0.127,0.0322,0.1109,0.0691,0.1125,Delaware State University,DE,www.desu.edu/,1,0.693277871103645
4378,10611.0,17324.0,21500.0,6850.0,2950.0,47885.0,41695.0,0.5423,0.1682,0.0636,0.0891,0.0318,0.0418,Northwest Missouri State University,MO,https://www.nwmissouri.edu/,1,0.5156493584362634
4365,16828.0,31178.0,25000.0,6500.0,1644.0,60509.0,51931.0,0.7164,0.1442,0.078,0.0,0.1365,0.0,Christopher Newport University,VA,https://cnu.edu/,1,0.48140802218328166
4348,5180.0,16532.0,25706.0,12000.0,4253.0,49179.0,41633.0,0.3986,0.1898,0.0979,0.208,0.023,0.1258,Clayton  State University,GA,www.clayton.edu/,1,0.6174428938582375
4348,48856.0,48856.0,25000.0,8755.0,1525.0,73911.0,63090.0,0.8336,0.2363,0.0189,0.3176,0.0567,0.0,Creighton University,NE,https://www.creighton.edu/,1,0.3962593120938342
4345,7358.0,15308.0,11000.0,5500.0,1015.0,56945.0,46148.0,0.3225,0.152,0.0493,0.363,0.0567,0.0,CUNY York College,NY,www.york.cuny.edu/,1,0.23836352604663258
4317,47560.0,47560.0,26000.0,6500.0,1371.0,77235.0,61627.0,0.8038,0.2958,0.0177,0.1192,0.0894,0.0011,Butler University,IN,www.butler.edu/,1,0.4218930014441722
4299,13920.0,13920.0,40621.0,12592.0,37977.0,40092.0,36582.0,0.2143,0.794,0.1234,0.0,0.0,0.0,Strayer University-Georgia,GA,www.strayer.edu/campus-locations/georgia/chamblee,1,1.1104094910065059
4291,12338.0,19531.0,25000.0,9750.0,3260.0,56662.0,48209.0,0.4977,0.1622,0.024,0.2303,0.0384,0.0067,Salem State University,MA,www.salemstate.edu/,1,0.5185753697442387
4268,47550.0,47550.0,26889.0,8750.0,2535.0,67506.0,55856.0,0.6088,0.3466,0.0546,0.0,0.0993,0.001,Suffolk University,MA,https://www.suffolk.edu/,1,0.48139859639071897
4242,53540.0,53540.0,24000.0,6500.0,2565.0,63548.0,46305.0,0.7623,0.1005,0.0128,0.139,0.0385,0.0011,Ithaca College,NY,https://www.ithaca.edu/,1,0.5183025591188857
4229,63550.0,63550.0,27000.0,14830.0,1383.0,87054.0,69326.0,0.8582,0.4426,0.02,0.0495,0.1233,0.0063,Providence College,RI,https://www.providence.edu/,1,0.3894642702593544
4222,63462.0,63462.0,27000.0,10000.0,896.0,108772.0,90326.0,0.8688,0.124,0.2354,0.0,0.0057,0.008,Stevens Institute of Technology,NJ,www.stevens.edu/,1,0.298917255275336
4222,11284.0,27944.0,19060.0,8750.0,3741.0,49958.0,47107.0,0.4035,0.1831,0.031,0.249,0.1521,0.0097,University of Southern Maine,ME,usm.maine.edu/,1,0.4046107797142675
4207,8736.0,22320.0,20291.0,9500.0,2158.0,48866.0,40746.0,0.3801,0.1409,0.0268,0.0722,0.0198,0.0745,University of Alaska Fairbanks,AK,www.uaf.edu/,1,0.49798753251852945
4207,50640.0,50640.0,23250.0,8750.0,1710.0,64873.0,54758.0,0.6865,0.2231,0.018,0.2642,0.0525,0.0509,Xavier University,OH,https://www.xavier.edu/,1,0.42459549289601517
4206,40150.0,40150.0,19500.0,6500.0,869.0,58469.0,49466.0,0.7704,0.1904,0.0178,0.3497,0.0234,0.0033,Samford University,AL,www.samford.edu/,1,0.3942101645574738
4205,9008.0,17470.0,20500.0,6562.0,2983.0,54458.0,46524.0,0.57,0.1385,0.0314,0.0324,0.057,0.0079,University of Wisconsin-River Falls,WI,https://www.uwrf.edu/,1,0.4406327916774138
4188,13679.0,16217.0,21500.0,8746.0,4767.0,51989.0,42694.0,0.4736,0.1262,0.0254,0.0808,0.0381,0.0799,Eastern Illinois University,IL,https://www.eiu.edu/,1,0.503583641729517
4185,13168.0,43404.0,14615.0,8413.0,10786.0,78466.0,62979.0,0.6324,0.1852,0.1993,0.1033,0.0472,0.0229,University of Washington-Tacoma Campus,WA,https://www.tacoma.uw.edu/,1,0.232061480811064
4170,6126.0,16782.0,25000.0,9500.0,3176.0,45344.0,40557.0,0.4668,0.0966,0.0213,0.3674,0.0472,0.0652,Winston-Salem State University,NC,https://www.wssu.edu/,1,0.616416401607614
4164,7683.0,16706.0,36500.0,14250.0,2490.0,41109.0,25589.0,0.3616,0.1629,0.0575,0.0208,0.0224,0.0671,Grambling State University,LA,www.gram.edu/,1,1.4263941537379343
4162,8422.0,18842.0,14997.0,9500.0,1705.0,58526.0,43671.0,0.4457,0.212,0.0323,0.0645,0.1429,0.0392,SUNY Old Westbury,NY,www.oldwestbury.edu/,1,0.3434086693686886
4146,49075.0,49075.0,27000.0,9458.0,2535.0,60823.0,42581.0,0.5438,0.1233,0.0388,0.1804,0.0548,0.0685,University of Hartford,CT,www.hartford.edu/,1,0.6340856250440338
4114,,,,,,,,0.8751,0.1417,0.0267,0.0,0.1047,0.0,United States Air Force Academy,CO,www.usafa.edu/,1,
4088,8676.0,15284.0,19500.0,8250.0,2358.0,50105.0,43241.0,0.5774,0.182,0.0193,0.0808,0.0296,0.0683,University of Nebraska at Kearney,NE,www.unk.edu/,1,0.45096089359635533
4087,10580.0,12530.0,21030.0,7500.0,2475.0,55747.0,46637.0,0.4274,0.1191,0.0226,0.3711,0.0197,0.002,Midwestern State University,TX,www.msutexas.edu/,1,0.450929519480241
